euid,leid,coords,address,elementary_school,middle_school,senior_school,ward
088dea985f,583601593.0,"(38.97001, -77.05589, 0.0)",6100 Nebraska Avenue NW Washington DC 20015,Lafayette Elementary,Deal Middle School,Wilson Senior High,Ward 4 
54ca72b5b7,581755493.0,"(38.92323, -76.95232, 0.0)",3722 Hansberry Court NE Washington DC nan,Langdon Elementary,McKinley Middle School,Dunbar Senior High,Ward 5 
4da6a57e31,581755361.0,"(38.88612, -76.9804, 0.0)",1704 Massachusetts Avenue SE Washington DC nan,Payne Elementary,Eliot-Hine Middle School,Eastern Senior High,Ward 6 
29e799a000,289867661.0,"(38.94655, -77.08462, 0.0)",4317 Yuma Street NW Washington DC 20016,Janney Elementary,Deal Middle School,Wilson Senior High,Ward 3 
d216f60a89,585976581.0,"(38.86542, -76.99018, 0.0)",2101 Martin Luther King Jr Avenue SE Washington DC 20020,Ketcham Elementary,Kramer Middle School,Anacostia Senior High,Ward 8 
fb091d4e03,582728597.0,"(38.87761, -77.01815, 0.0)",1101 4th Street SW Washington DC 20024,Amidon-Bowen Elementary,Jefferson Middle School,Eastern Senior High,Ward 6 
a7eb1d55e5,582728617.0,"(38.90537, -77.03505, 0.0)",1156 15th Street NW Washington DC 20005,School Without Walls @ Francis-Stevens Elementary,School Without Walls @ Francis-Stevens Middle School,Cardozo Senior High,Ward 2 
fbd775c305,582728733.0,"(38.89501, -77.03136, 0.0)",1350 Pennsylvania Avenue NW Washington DC 20004,Thomson Elementary,Shaw Middle School,Cardozo Senior High,Ward 2 
a19b6a1e94,582730797.0,"(38.91494, -77.02849, 0.0)",1816 12th Street NW Washington DC 20009,Garrison Elementary,Shaw Middle School,Cardozo Senior High,Ward 1 
24afceae9f,585977117.0,"(38.89501, -77.03136, 0.0)",1350 Pennsylvania Avenue NW Washington DC 20004,Thomson Elementary,Shaw Middle School,Cardozo Senior High,Ward 2 
a2082627a0,582728657.0,"(38.90488, -77.02783, 0.0)",1121 12th Street NW Washington DC 20005,Thomson Elementary,Shaw Middle School,Cardozo Senior High,Ward 2 
2e2da4e20d,584377913.0,"(38.9704, -77.02938, 0.0)",6611 13th Street NW Washington DC 20012,Takoma Elementary,New North Middle School,Coolidge Senior High,Ward 4 
8e2b4cb76b,582609981.0,"(38.95287, -77.0002, 0.0)",350 Galloway Street NE Washington DC 20011,Lasalle-Backus Elementary,New North Middle School,Coolidge Senior High,Ward 5 
4159a6bc9d,581755177.0,"(38.93644, -77.03727, 0.0)",3636 16th Street NW Washington DC nan,Bancroft Elementary,Deal Middle School,Wilson Senior High,Ward 1 
61a11d0c1a,584716393.0,"(38.91391, -77.02861, 0.0)",1200 S Street Washington DC 20009,Garrison Elementary,Shaw Middle School,Cardozo Senior High,Ward 2 
ae7bc454b7,582730729.0,"(38.89698, -76.94786, 0.0)",4058 Minnesota Avenue NE Washington DC 20019,Aiton Elementary,Kelly Miller Middle School,Woodson Senior High,Ward 7 
a8930471b8,582728725.0,"(38.95029, -77.079, 0.0)",4646 40th Street NW Washington DC 20016,Janney Elementary,Deal Middle School,Wilson Senior High,Ward 3 
d9093507e2,582728769.0,"(38.89501, -77.03136, 0.0)",1350 Pennsylvania Avenue NW Washington DC 20004,Thomson Elementary,Shaw Middle School,Cardozo Senior High,Ward 2 
ccc1b2dfd9,582728757.0,"(38.89698, -76.94786, 0.0)",4058 Minnesota Avenue NE Washington DC 20019,Aiton Elementary,Kelly Miller Middle School,Woodson Senior High,Ward 7 
989f5018f7,582728701.0,"(38.95029, -77.079, 0.0)",4646 40th Street NW Washington DC 20016,Janney Elementary,Deal Middle School,Wilson Senior High,Ward 3 
8cfded1548,582728813.0,"(38.89703, -77.03155, 0.0)",529 14th Street NW Washington DC 20045,Thomson Elementary,Shaw Middle School,Cardozo Senior High,Ward 2 
03df6bfb6e,584588441.0,"(38.9143, -77.02171, 0.0)",1805 7th Street NW Washington DC 20001,Cleveland Elementary,Shaw Middle School,Cardozo Senior High,Ward 1 
0ee8a1e7ae,582728781.0,"(38.89393, -77.03121, 0.0)",1300 Pennsylvania Avenue Washington DC 20004,Thomson Elementary,Shaw Middle School,Cardozo Senior High,Ward 2 
e7ba1cf0e7,564292253.0,"(38.88037, -76.94516, 0.0)",614 Ridge Road SE Washington DC 20019,Plummer Elementary,Sousa Middle School,Anacostia Senior High,Ward 7 
cc9ca710e2,586771289.0,"(38.90161, -77.03987, 0.0)",900 17th Street NW Washington DC 20006,School Without Walls @ Francis-Stevens Elementary,School Without Walls @ Francis-Stevens Middle School,Cardozo Senior High,Ward 2 
86a19a961d,586892021.0,"(38.9198, -77.0293, 0.0)",2219 13th Street NW Washington DC 20009,Garrison Elementary,Shaw Middle School,Cardozo Senior High,Ward 1 
ca0464d90e,527097285.0,"(38.91714, -77.03483, 0.0)",1501 U Street NW Washington DC 20009,Garrison Elementary,Shaw Middle School,Cardozo Senior High,Ward 1 
72ccfd9fca,559421865.0,"(38.95029, -77.079, 0.0)",4646 40th Street NW Washington DC 20016,Janney Elementary,Deal Middle School,Wilson Senior High,Ward 3 
ba0541a3e3,564291933.0,"(38.90844, -77.04117, 0.0)",1776 Massachusetts Avenue NW Washington DC 20036,School Without Walls @ Francis-Stevens Elementary,School Without Walls @ Francis-Stevens Middle School,Cardozo Senior High,Ward 2 
ee76bb9e3f,564292141.0,"(38.93561, -77.028, 0.0)",1022 Spring Road NW Washington DC 20010,Raymond Elementary,MacFarland Middle School,Roosevelt Senior High,Ward 1 
39cf5658ba,515573405.0,"(38.96137, -77.0312, 0.0)",1322 Missouri Avenue NW Washington DC 20011,Brightwood Elementary,New North Middle School,Coolidge Senior High,Ward 4 
4173f4d6e9,580430153.0,"(38.92295, -77.04533, 0.0)",1914 Calvert Street NW Washington DC 20009,Oyster-Adams Elementary,Oyster-Adams Middle School,Ward 1 Ward,
2ee0fa1ed1,558875509.0,"(38.90058, -77.03339, 0.0)",805 15th Street NW Washington DC 20005,Thomson Elementary,Shaw Middle School,Cardozo Senior High,Ward 2 
cc92028157,283957049.0,"(38.91434, -77.02906, 0.0)",1225 S Street NW Washington DC 20009,Garrison Elementary,Shaw Middle School,Cardozo Senior High,Ward 1 
d064c5885e,558875525.0,"(38.91527, -77.0242, 0.0)",1832 9th Street NW Washington DC 20001,Garrison Elementary,Shaw Middle School,Cardozo Senior High,Ward 1 
9c002934f0,268251189.0,"(38.91659, -77.01789, 0.0)",406 U Street NW Washington DC 20001,Cleveland Elementary,Shaw Middle School,Cardozo Senior High,Ward 1 
fac8197e06,515573425.0,"(38.95179, -76.98793, 0.0)",1252 Farragut Place NE Washington DC 20017,Brookland @ Bunker Hill Elementary,Brookland Middle School,Dunbar Senior High,Ward 5 
776aa6b75d,234071337.0,"(38.91523, -77.0267, 0.0)",1816 Vermont Avenue NW Washington DC 20001,Garrison Elementary,Shaw Middle School,Cardozo Senior High,Ward 1 
94662faa29,564292485.0,"(38.91462, -77.02479, 0.0)",920 Westminster Street NW Washington DC 20001,Garrison Elementary,Shaw Middle School,Cardozo Senior High,Ward 1 
0c1b906a80,527097581.0,"(38.95442, -77.05929, 0.0)",2916 Fessenden Street NW Washington DC 20008,Murch Elementary,Deal Middle School,Wilson Senior High,Ward 3 
19886102fd,564292133.0,"(38.93707, -77.06211, 0.0)",3020 Porter Street NW Washington DC 20008,Eaton Elementary,Hardy Middle School,Wilson Senior High,Ward 3 
438de2a4c3,372893377.0,"(38.97303, -77.02473, 0.0)",6812 8th Street NW Washington DC 20012,Takoma Elementary,New North Middle School,Coolidge Senior High,Ward 4 
7670ec9d5c,266449173.0,"(38.96594, -77.02351, 0.0)",726 Sheridan Street NW Washington DC 20011,Whittier Elementary,New North Middle School,Coolidge Senior High,Ward 4 
db60d63024,586835381.0,"(38.95482, -77.03605, 0.0)",5331 16th Street NW Washington DC 20005,West Elementary,MacFarland Middle School,Roosevelt Senior High,Ward 4 
805b50eee8,564292277.0,"(38.9455, -77.01783, 0.0)",4500 New Hampshire Avenue NW Washington DC 20011,Barnard Elementary,MacFarland Middle School,Roosevelt Senior High,Ward 4 
28c1cc3e06,514989245.0,"(38.95081, -77.02044, 0.0)",606 Farragut Street NW Washington DC 20011,Truesdell Elementary,MacFarland Middle School,Roosevelt Senior High,Ward 4 
5a68accea5,581819001.0,"(38.95287, -77.00748, 0.0)",100 Gallatin Street NE Washington DC 20011,Lasalle-Backus Elementary,New North Middle School,Coolidge Senior High,Ward 5 
dc7cfb897a,522365741.0,"(38.90208, -76.98391, 0.0)",1221 Holbrook Street NE Washington DC 20002,Wheatley Elementary,Wheatley Middle School,Dunbar Senior High,Ward 5 
206083cf36,563764349.0,"(38.97988, -77.031, 0.0)",3103 Sports Avenue Washington DC 20012,Shepherd Elementary,Deal Middle School,Wilson Senior High,Ward 4 
1259934dc9,290858629.0,"(38.92296, -76.95286, 0.0)",3707 Hansberry Court NE Washington DC 20018,Langdon Elementary,McKinley Middle School,Dunbar Senior High,Ward 5 
5d2c5908d2,585812341.0,"(38.91831, -77.0107, 0.0)",55 V Street NW Washington DC 20001,Langley Elementary,McKinley Middle School,Dunbar Senior High,Ward 5 
efd166ac07,275354009.0,"(38.90208, -76.98391, 0.0)",1221 Holbrook Street NE Washington DC 20002,Wheatley Elementary,Wheatley Middle School,Dunbar Senior High,Ward 5 
2fe042a0e1,564292489.0,"(38.91796, -77.01328, 0.0)",134 V Street NW Washington DC 20001,Langley Elementary,McKinley Middle School,Dunbar Senior High,Ward 5 
f242c796fa,527097489.0,"(38.89254, -76.98101, 0.0)",216 17th Street NE Washington DC 20002,Maury Elementary,Eliot-Hine Middle School,Eastern Senior High,Ward 6 
46cd00c78e,584490953.0,"(38.90289, -77.03788, 0.0)",1629 K Street NW Washington DC 20006,School Without Walls @ Francis-Stevens Elementary,School Without Walls @ Francis-Stevens Middle School,Cardozo Senior High,Ward 2 
2b32c0e1bd,558875485.0,"(38.89303, -76.97643, 0.0)",1919 C Street NE Washington DC 20002,Maury Elementary,Eliot-Hine Middle School,Eastern Senior High,Ward 6 
930e30f472,564292405.0,"(38.89654, -76.98601, 0.0)",1375 Emerald Street NE Washington DC 20002,Miner Elementary,Eliot-Hine Middle School,Eastern Senior High,Ward 6 
f03188bb04,372903677.0,"(38.87913, -76.98763, 0.0)",1321 Potomac Avenue SE Washington DC 20003,Tyler Elementary,Jefferson Middle School,Eastern Senior High,Ward 6 
8f01cf34a2,558875309.0,"(38.90428, -76.99595, 0.0)",1117 7th Street NE Washington DC 20002,"Wilson, J.O. Elementary",Stuart-Hobson Middle School,Eastern Senior High,Ward 6 
2727a687f5,558515261.0,"(38.88822, -76.98523, 0.0)",112 14th Street SE Washington DC 20003,Payne Elementary,Eliot-Hine Middle School,Eastern Senior High,Ward 6 
bbde5838c4,557745385.0,"(38.88088, -77.01493, 0.0)",704 3rd Street SW Washington DC 20024,Amidon-Bowen Elementary,Jefferson Middle School,Eastern Senior High,Ward 6 
b80917819f,583201593.0,"(38.85831, -76.96563, 0.0)",2617 29th Street SE Washington DC 20020,Stanton Elementary,Kramer Middle School,Anacostia Senior High,Ward 7 
d1aaf37d69,260315025.0,"(38.86331, -76.95882, 0.0)",2142 Branch Avenue SE Washington DC 20020,Beers Elementary,Sousa Middle School,Anacostia Senior High,Ward 7 
187b2a5d5a,564292145.0,"(38.87527, -76.96502, 0.0)",1205 30th Street SE Washington DC 20019,Randle Highlands Elementary,Sousa Middle School,Anacostia Senior High,Ward 7 
a5293a67e6,291962301.0,"(38.89659, -76.97136, 0.0)",521 25th Place NE Washington DC 20002,Miner Elementary,Eliot-Hine Middle School,Eastern Senior High,Ward 7 
4b5cd46ac0,564292337.0,"(38.90285, -77.01572, 0.0)",307 K Street NW Washington DC 20001,Walker-Jones Elementary,Walker-Jones Middle School,Dunbar Senior High,Ward 6 
eca8b904cd,587252785.0,"(38.90485, -76.99476, 0.0)",800 Florida Avenue NE Washington DC 20002,Wheatley Elementary,Wheatley Middle School,Dunbar Senior High,Ward 5 
2ec4e04085,587252797.0,"(38.90395, -76.99564, 0.0)",714 L Street NE Washington DC 20002,"Wilson, J.O. Elementary",Stuart-Hobson Middle School,Eastern Senior High,Ward 6 
ee92112846,587252817.0,"(38.90041, -76.9767, 0.0)",1824 H Street NE Washington DC 20002,Browne Elementary,Browne Middle School,Eastern Senior High,Ward 5 
46ff62ee3e,587252849.0,"(38.90757, -77.03274, 0.0)",1417 N Street NW Washington DC 20005,Ross Elementary,Shaw Middle School,Cardozo Senior High,Ward 2 
efc5a42bbe,587252837.0,"(38.90757, -77.03274, 0.0)",1417 N Street NW Washington DC 20005,Ross Elementary,Shaw Middle School,Cardozo Senior High,Ward 2 
fa18aaf63b,587252861.0,"(38.95961, -77.02203, 0.0)",619 Missouri Avenue NW Washington DC 20011,Whittier Elementary,New North Middle School,Coolidge Senior High,Ward 4 
dc3d7222eb,587252873.0,"(38.98479, -77.03594, 0.0)",7733 16th Street NW Washington DC 20012,Shepherd Elementary,Deal Middle School,Wilson Senior High,Ward 4 
cbf895f0a3,587252897.0,"(38.97205, -77.02339, 0.0)",6729 Piney Branch NW Washington DC 20012,Takoma Elementary,New North Middle School,Coolidge Senior High,Ward 4 
2ef7b32473,587252973.0,"(38.88929, -76.99519, 0.0)",11 8th Street SE Washington DC 20003,Brent Elementary,Jefferson Middle School,Eastern Senior High,Ward 6 
d5f327f2c0,581753449.0,"(38.91428, -77.0185, 0.0)",441 S Street NW Washington DC 20001,Cleveland Elementary,Shaw Middle School,Cardozo Senior High,Ward 6 
49ab306d22,587253029.0,"(38.92619, -77.0332, 0.0)",1420 Harvard Street Washington DC 20009,"Cooke, H.D Elementary",Columbia Heights Middle School,Cardozo Senior High,Ward 1 
c8af6d7e5a,587253041.0,"(38.93197, -77.05555, 0.0)",3133 Connecticut Avenue NW Washington DC 20008,Eaton Elementary,Hardy Middle School,Wilson Senior High,Ward 3 
0e6f30bc59,587253049.0,"(38.9249, -77.03998, 0.0)",1717 Columbia Road Washington DC 20009,"Cooke, H.D Elementary",Columbia Heights Middle School,Cardozo Senior High,Ward 1 
65775bfc5f,587253057.0,"(38.93619, -77.03422, 0.0)",1445 Parkwood Place NW Washington DC 20010,Raymond Elementary,MacFarland Middle School,Roosevelt Senior High,Ward 1 
d30f0b1f0d,587253069.0,"(38.97692, -77.02118, 0.0)",7208 Blair Road NW Washington DC 20012,Takoma Elementary,New North Middle School,Coolidge Senior High,Ward 4 
ac6c3e6194,587253077.0,"(38.91762, -77.0419, 0.0)",2038 18th Street NW Washington DC 20009,Oyster-Adams Elementary,Oyster-Adams Middle School,Wilson Senior High,Ward 1 
015bda5be8,587253093.0,"(38.88111, -76.94031, 0.0)",624 Chaplin Street SE Washington DC 20019,Plummer Elementary,Sousa Middle School,Anacostia Senior High,Ward 7 
d0a89bd28a,587253113.0,"(38.91221, -76.9843, 0.0)",1933 Capitol Avenue NE Washington DC 20002,Wheatley Elementary,Wheatley Middle School,Dunbar Senior High,Ward 5 
f5e3817cc1,587253121.0,"(38.94811, -77.09739, 0.0)",4911 Albemarle Street NW Washington DC 20016,Janney Elementary,Deal Middle School,Wilson Senior High,Ward 3 
50c0618ca7,587253133.0,"(38.95128, -76.9866, 0.0)",5041 13th Street NE Washington DC 20017,Brookland @ Bunker Hill Elementary,Brookland Middle School,Dunbar Senior High,Ward 5 
c744edbb93,587253141.0,"(38.95419, -77.0118, 0.0)",5226 1st Street NW Washington DC 20011,Barnard Elementary,MacFarland Middle School,Roosevelt Senior High,Ward 4 
744ddb5ea7,587253153.0,"(38.91598, -77.05016, 0.0)",2231 California Street NW Washington DC 20008,School Without Walls @ Francis-Stevens Elementary,School Without Walls @ Francis-Stevens Middle School,Cardozo Senior High,Ward 2 
bb7a5a1b10,587253181.0,"(38.921, -77.03981, 0.0)",2333 Ontario Road NW Washington DC 20009,"Reed, Marie Elementary",Columbia Heights Middle School,Cardozo Senior High,Ward 1 
e6b1c4dca0,587253193.0,"(38.88301, -76.93549, 0.0)",515 46th Street SE Washington DC 20019,Plummer Elementary,Sousa Middle School,Anacostia Senior High,Ward 7 
b2e372c0a5,587253201.0,"(38.85831, -76.96563, 0.0)",2617 29th Street SE Washington DC 20020,Stanton Elementary,Kramer Middle School,Anacostia Senior High,Ward 7 
61c5d442aa,515574085.0,"(38.93635, -76.96631, 0.0)",2872 Perry Street NE Washington DC 20018,Burroughs Elementary,Brookland Middle School,Dunbar Senior High,Ward 5 
895db494a4,587253217.0,"(38.8679, -76.94184, 0.0)",4228 Southern Avenue SE Washington DC 20019,Beers Elementary,Sousa Middle School,Anacostia Senior High,Ward 7 
fc980a4302,587253229.0,"(38.91525, -77.03774, 0.0)",1833 New Hampshire Avenue NW Washington DC 20009,"Reed, Marie Elementary",Columbia Heights Middle School,Cardozo Senior High,Ward 2 
e82e74205a,587253253.0,"(38.897, -77.0458, 0.0)",2020 F Street NW Washington DC 20006,School Without Walls @ Francis-Stevens Elementary,School Without Walls @ Francis-Stevens Middle School,Cardozo Senior High,Ward 2 
87de9dc172,587253265.0,"(38.85739, -76.96907, 0.0)",2515 Alabama Avenue SE Washington DC 20020,Stanton Elementary,Kramer Middle School,Anacostia Senior High,Ward 8 
9d8f83bd4a,587253281.0,"(38.89682, -76.9812, 0.0)",1634 F Street NE Washington DC 20002,Miner Elementary,Eliot-Hine Middle School,Eastern Senior High,Ward 6 
7f57c0b3c6,587252537.0,"(38.93206, -76.99704, 0.0)",625 Monroe Street NE Washington DC 20017,Noyes Elementary,Brookland Middle School,Dunbar Senior High,Ward 5 
863747d133,587253353.0,"(38.9327567, -76.9975349, 0.0)",620 Michigan Avenue NE Washington DC 20064,Brookland @ Bunker Hill Elementary,Brookland Middle School,Dunbar Senior High,Ward 5 
893cadeb5c,587253377.0,"(38.87413, -76.97275, 0.0)",2323 Pennsylvania Avenue SE Washington DC 20020,Orr Elementary,Kramer Middle School,Anacostia Senior High,Ward 7 
887680cbf3,587253493.0,"(38.90609, -76.98862, 0.0)",1145 Owen Place NE Washington DC 20002,Wheatley Elementary,Wheatley Middle School,Dunbar Senior High,Ward 5 
79a350c320,587253517.0,"(38.91914, -77.04553, 0.0)",1910 Kalorama Road Washington DC 20009,Oyster-Adams Elementary,Oyster-Adams Middle School,Wilson Senior High,Ward 1 
1060a147c0,587253581.0,"(38.87959, -76.94245, 0.0)",732 Burns Street SE Washington DC 20019,Plummer Elementary,Sousa Middle School,Anacostia Senior High,Ward 7 
9abaf1a75d,587253593.0,"(38.84411, -76.97459, 0.0)",2010 Mississippi Avenue SE Washington DC 20020,Turner Elementary,Johnson Middle School,Ballou Senior High,Ward 8 
f7932a3373,587253625.0,"(38.93128, -77.07325, 0.0)",3130 Wisconsin Avenue NW Washington DC 20016,Eaton Elementary,Hardy Middle School,Wilson Senior High,Ward 3 
485f86fa16,581753417.0,"(38.91293, -77.0262, 0.0)",1706 10th Street NW Washington DC 20001,Garrison Elementary,Shaw Middle School,Cardozo Senior High,Ward 6 
98ff917a37,587253661.0,"(38.90585, -77.00846, 0.0)",2 M Street NE Washington DC 20002,Walker-Jones Elementary,Walker-Jones Middle School,Dunbar Senior High,Ward 6 
9ace021d07,587253681.0,"(38.97629, -77.0191, 0.0)",7053 Spring Place NW Washington DC 20012,Takoma Elementary,New North Middle School,Coolidge Senior High,Ward 4 
4f8a6f0f0d,587253689.0,"(38.90429, -76.97555, 0.0)",2014 Maryland Avenue NE Washington DC 20002,Browne Elementary,Browne Middle School,Eastern Senior High,Ward 5 
d19c9cf724,587253701.0,"(38.92068, -77.03165, 0.0)",2303 14th Street NW Washington DC 20009,Garrison Elementary,Shaw Middle School,Cardozo Senior High,Ward 1 
7465bd938d,587253713.0,"(38.95579, -77.01528, 0.0)",5405 Kansas Avenue NW Washington DC 20011,Barnard Elementary,MacFarland Middle School,Roosevelt Senior High,Ward 4 
69703618df,587253725.0,"(38.90457, -76.9972, 0.0)",640 Morton Place NE Washington DC 20002,"Wilson, J.O. Elementary",Stuart-Hobson Middle School,Eastern Senior High,Ward 6 
52c591235a,587253813.0,"(38.92819, -77.06043, 0.0)",3000 Cathedral Avenue Washington DC 20008,Oyster-Adams Elementary,Oyster-Adams Middle School,Wilson Senior High,Ward 3 
fd72d35b52,587253849.0,"(38.87187, -76.96389, 0.0)",3006 Q Street SE Washington DC 20020,Randle Highlands Elementary,Sousa Middle School,Anacostia Senior High,Ward 7 
cd77d25075,587253861.0,"(38.87897, -76.98495, 0.0)",1413 Ives Place SE Washington DC 20003,Tyler Elementary,Jefferson Middle School,Eastern Senior High,Ward 6 
a6b131eb17,587253869.0,"(38.94438, -77.07999, 0.0)",4233 Nebraska Avenue NW Washington DC 20016,Janney Elementary,Deal Middle School,Wilson Senior High,Ward 3 
5a39c0b9bf,587253885.0,"(38.95297, -76.99899, 0.0)",400 Galloway Street NE Washington DC 20011,Lasalle-Backus Elementary,New North Middle School,Coolidge Senior High,Ward 5 
335055fc5c,587253929.0,"(38.84275, -76.99542, 0.0)",3211 8th Street SE Washington DC 20032,"King, Martin Luther Elementary",Hart Middle School,Ballou Senior High,Ward 8 
8d92a045bd,587253941.0,"(38.88606, -76.98568, 0.0)",253 14th Street SE Washington DC 20003,Payne Elementary,Eliot-Hine Middle School,Eastern Senior High,Ward 6 
84548e8fce,587253953.0,"(38.89531, -77.01599, 0.0)",441 4th Street Washington DC 20001,Walker-Jones Elementary,Walker-Jones Middle School,Dunbar Senior High,Ward 2 
c13da9a642,587253961.0,"(38.90378, -76.9314, 0.0)",1021 49th Street NE Washington DC 20019,Houston Elementary,Kelly Miller Middle School,Woodson Senior High,Ward 7 
2d0abd1885,587254029.0,"(38.93169, -77.07318, 0.0)",3140 Wisconsin Avenue NW Washington DC 20016,Eaton Elementary,Hardy Middle School,Wilson Senior High,Ward 3 
d83561fa6f,587254081.0,"(38.92179, -77.00873, 0.0)",2413 Capital Street NE Washington DC 20002,Langley Elementary,McKinley Middle School,Dunbar Senior High,Ward 5 
e13a610e98,587254109.0,"(38.90485, -76.99476, 0.0)",800 Florida Avenue NE Washington DC 20002,Wheatley Elementary,Wheatley Middle School,Dunbar Senior High,Ward 5 
edb35344ce,587254117.0,"(38.90985, -77.0238, 0.0)",1503 9th Street Washington DC 20001,Seaton Elementary,Shaw Middle School,Cardozo Senior High,Ward 6 
53b13d75a2,587254185.0,"(38.90114, -76.99306, 0.0)",919 I Street NE Washington DC 20002,"Wilson, J.O. Elementary",Stuart-Hobson Middle School,Eastern Senior High,Ward 6 
0599731d29,275165085.0,"(38.84383, -76.98195, 0.0)",1021 Cook Drive SE Washington DC 20032,Malcolm X Elementary,Johnson Middle School,Ballou Senior High,Ward 8 
5b54b82c5f,555195761.0,"(38.92621, -77.00872, 0.0)",2909 Capitol Street NE Washington DC 20002,Langley Elementary,McKinley Middle School,Dunbar Senior High,Ward 5 
f73c8aeeb0,587254205.0,"(38.89531, -77.01599, 0.0)",441 4th Street NW Washington DC 20001,Walker-Jones Elementary,Walker-Jones Middle School,Dunbar Senior High,Ward 2 
20c1f40578,234070901.0,"(38.81684, -76.79071, 0.0)",5216 Derby Manor Lane Washington DC 20772,,,,
696952f675,513167585.0,"(38.89067, -76.9421, 0.0)",4210 Capitol Street NE Washington DC 20019,Smothers Elementary,Kelly Miller Middle School,Woodson Senior High,Ward 7 
a5dfe90a1b,515574093.0,"(38.83035, -76.99317, 0.0)",839 Barnaby Street SE Washington DC 20032,Hendley Elementary,Hart Middle School,Ballou Senior High,Ward 8 
4eba339295,587254261.0,"(38.96104, -77.00007, 0.0)",527 Oglethorpe Street NE Washington DC 20011,Lasalle-Backus Elementary,New North Middle School,Coolidge Senior High,Ward 4 
2dd9dc56b9,587254277.0,"(38.91707, -77.00244, 0.0)",1952 3rd Street NE Washington DC 20002,Langley Elementary,McKinley Middle School,Dunbar Senior High,Ward 5 
f1896c4879,587254293.0,"(38.92907, -76.99913, 0.0)",518 Regent Place NE Washington DC 20017,Noyes Elementary,Brookland Middle School,Dunbar Senior High,Ward 5 
50168f1168,587254305.0,"(38.97546, -77.01491, 0.0)",6980 Maple Street NW Washington DC 20012,Takoma Elementary,New North Middle School,Coolidge Senior High,Ward 4 
6defe5e202,587254313.0,"(38.91932, -77.03356, 0.0)",1439 W Street NW Washington DC 20009,"Reed, Marie Elementary",Columbia Heights Middle School,Cardozo Senior High,Ward 1 
34bd434b05,587254325.0,"(38.96544, -77.07624, 0.0)",5614 Connecticut Avenue NW Washington DC 20015,Lafayette Elementary,Deal Middle School,Wilson Senior High,Ward 3 
c9a7c00c06,587254357.0,"(38.9524, -77.06876, 0.0)",3511 Davenport Street NW Washington DC 20008,Murch Elementary,Deal Middle School,Wilson Senior High,Ward 3 
e65b087513,587254369.0,"(38.95192, -77.08351, 0.0)",4200 Davenport Street NW Washington DC 20016,Janney Elementary,Deal Middle School,Wilson Senior High,Ward 3 
d23cb182e4,587254389.0,"(38.91277, -77.02937, 0.0)",1701 13th Street NW Washington DC 20009,Garrison Elementary,Shaw Middle School,Cardozo Senior High,Ward 2 
378d364a27,587254405.0,"(38.92377, -77.04176, 0.0)",1763 Columbia Road NW Washington DC 20009,"Cooke, H.D Elementary",Columbia Heights Middle School,Cardozo Senior High,Ward 1 
cf8aaf6d59,587254413.0,"(39.06716, -77.09598, 0.0)",4707 Mercury Drive Washington DC 20853,,,,
d7de02b757,587254421.0,"(38.92349, -77.02679, 0.0)",2535 11st Street NW Washington DC 20001,Garrison Elementary,Shaw Middle School,Cardozo Senior High,Ward 1 
21e9bbbaa1,587255077.0,"(38.93893, -76.97397, 0.0)",4017 22nd Street NE Washington DC 20018,Burroughs Elementary,Brookland Middle School,Dunbar Senior High,Ward 5 
8e97ec6fd0,587254985.0,"(38.85766, -77.11744, 0.0)",805 Florida Street Washington DC 22204,,,,
65387e4450,587255097.0,"(38.92232, -76.95804, 0.0)",3282 Robert Clifton Weaver Way NE Washington DC 20018,Langdon Elementary,McKinley Middle School,Dunbar Senior High,Ward 5 
e01d055eb6,587255085.0,"(38.95259, -77.01965, 0.0)",Washington DC 20011,Truesdell Elementary,MacFarland Middle School,Roosevelt Senior High,Ward 4 
5132199e2e,587254441.0,"(38.95024, -77.06754, 0.0)",4600 Connecticut Avenue NW Washington DC 20008,Murch Elementary,Deal Middle School,Wilson Senior High,Ward 3 
5c3f0107e5,587254445.0,"(38.95994, -77.01735, 0.0)",5730 3rd Place NW Washington DC 20011,Whittier Elementary,New North Middle School,Coolidge Senior High,Ward 4 
031be088ce,587255129.0,"(38.90757, -77.03274, 0.0)",1417 N Street NW Washington DC 20005,Ross Elementary,Shaw Middle School,Cardozo Senior High,Ward 2 
ddea3fa412,587254453.0,"(38.92921, -76.99557, 0.0)",709 Jackson Street NE Washington DC 20017,Noyes Elementary,Brookland Middle School,Dunbar Senior High,Ward 5 
10b9d608d6,587254461.0,"(38.95814, -77.08001, 0.0)",3924 Ingomar Street NW Washington DC 20015,Murch Elementary,Deal Middle School,Wilson Senior High,Ward 3 
c451284407,587254481.0,"(38.93674, -77.08316, 0.0)",4301 Massachusetts Avenue NW Washington DC 20016,Mann Elementary,Hardy Middle School,Wilson Senior High,Ward 3 
e8f5b1e744,587254497.0,"(38.89501, -76.98025, 0.0)",1710 D Street NE Washington DC 20002,Miner Elementary,Eliot-Hine Middle School,Eastern Senior High,Ward 6 
2e4e60e122,587254509.0,"(38.94492, -77.00433, 0.0)",4500 Fort Totten Drive NE Washington DC 20011,Brookland @ Bunker Hill Elementary,Brookland Middle School,Dunbar Senior High,Ward 5 
330bddd7ee,233976381.0,"(38.8742, -77.01545, 0.0)",1301 Delaware Avenue SW Washington DC 20024,Amidon-Bowen Elementary,Jefferson Middle School,Eastern Senior High,Ward 6 
7d9d273da4,587254533.0,"(38.94373, -77.06125, 0.0)",3003 Van Ness Street NW Washington DC 20008,Hearst Elementary,Deal Middle School,Wilson Senior High,Ward 3 
1106b96430,587254537.0,"(38.9821, -77.03194, 0.0)",1344 Iris Street NE Washington DC 20012,Shepherd Elementary,Deal Middle School,Wilson Senior High,Ward 4 
542a5a56b5,587254561.0,"(38.90203, -76.93536, 0.0)",913 47th Street NE Washington DC 20019,Houston Elementary,Kelly Miller Middle School,Woodson Senior High,Ward 7 
c5ff4167bf,515573337.0,"(38.93206, -76.99704, 0.0)",625 Monroe Street NE Washington DC 20017,Noyes Elementary,Brookland Middle School,Dunbar Senior High,Ward 5 
a83ccaad1d,587254545.0,"(38.97172, -77.03417, 0.0)",1411 Whittier Place NW Washington DC 20012,Takoma Elementary,New North Middle School,Coolidge Senior High,Ward 4 
437af69f20,587254589.0,"(38.87413, -76.97275, 0.0)",2323 Pennsylvania Avenue SE Washington DC 20020,Orr Elementary,Kramer Middle School,Anacostia Senior High,Ward 7 
b73c1e20c6,587254593.0,"(38.91511, -77.02368, 0.0)",1841 9th Street NW Washington DC 20001,Cleveland Elementary,Shaw Middle School,Cardozo Senior High,Ward 1 
1d32cfce01,587255089.0,"(38.92499, -77.06412, 0.0)",2712 32nd Street NW Washington DC 20008,Oyster-Adams Elementary,Oyster-Adams Middle School,Wilson Senior High,Ward 3 
eb657cf0cc,587254625.0,"(38.96713, -77.02478, 0.0)",806 Tuckerman Street NW Washington DC 20011,Whittier Elementary,New North Middle School,Coolidge Senior High,Ward 4 
aa63e5e543,587254657.0,"(38.93567, -76.97571, 0.0)",3717 Dakota Avenue NE Washington DC 20018,Burroughs Elementary,Brookland Middle School,Dunbar Senior High,Ward 5 
eccaabeb14,587254661.0,"(38.88432, -77.00449, 0.0)",144 Carolina Avenue SE Washington DC 20003,Brent Elementary,Jefferson Middle School,Eastern Senior High,Ward 6 
57b99b9517,587254677.0,"(38.92427, -76.98909, 0.0)",1235 Evarts Street NE Washington DC 20018,Noyes Elementary,Brookland Middle School,Dunbar Senior High,Ward 5 
993c2d16f3,558875629.0,"(38.94986, -76.99532, 0.0)",731 Emerson Street NE Washington DC 20017,Brookland @ Bunker Hill Elementary,Brookland Middle School,Dunbar Senior High,Ward 5 
3a2ec1bf5d,587254685.0,"(38.89499, -76.98671, 0.0)",1342 D Street NE Washington DC 20002,Miner Elementary,Eliot-Hine Middle School,Eastern Senior High,Ward 6 
15bcb10d52,587252825.0,"(38.91896, -77.04184, 0.0)",2202 18th Street NW Washington DC 20009,Oyster-Adams Elementary,Oyster-Adams Middle School,Wilson Senior High,Ward 1 
972c6e7bdf,587254709.0,"(38.9315, -77.07878, 0.0)",4000 Massachusetts Avenue NW Washington DC 20016,Eaton Elementary,Hardy Middle School,Wilson Senior High,Ward 3 
bc74998ac6,587254737.0,"(38.89593, -76.94894, 0.0)",4020 Minnesota Avenue NE Washington DC 20019,Smothers Elementary,Kelly Miller Middle School,Woodson Senior High,Ward 7 
91580f7c38,587254761.0,"(38.91954, -77.02784, 0.0)",2201 12th Street NW Washington DC 20009,Garrison Elementary,Shaw Middle School,Cardozo Senior High,Ward 1 
89547e361f,587254769.0,"(38.90618, -77.00561, 0.0)",1215 First Street NE Washington DC 20002,Walker-Jones Elementary,Walker-Jones Middle School,Dunbar Senior High,Ward 6 
4ef3fb9a93,587254789.0,"(38.82804, -77.00996, 0.0)",95 Danbury Street SW Washington DC 20013,Leckie Elementary,Hart Middle School,Ballou Senior High,Ward 8 
7a58b96906,587254797.0,"(38.90483, -77.06667, 0.0)",3315 Cadys Alley NW Washington DC 22311,Hyde-Addison Elementary,Hardy Middle School,Wilson Senior High,Ward 2 
995e4182bc,587252741.0,"(38.89008, -76.94366, 0.0)",4126 Capitol Street NE Washington DC 20019,Smothers Elementary,Kelly Miller Middle School,Woodson Senior High,Ward 7 
344e78905e,587252749.0,"(38.87721, -77.00554, 0.0)",1100 1st Street SE Washington DC 20003,Van Ness Elementary,Jefferson Middle School,Eastern Senior High,Ward 6 
c94e877773,587252801.0,"(38.89688, -76.97372, 0.0)",528 23rd Place NE Washington DC 20002,Miner Elementary,Eliot-Hine Middle School,Eastern Senior High,Ward 7 
0e47507dfe,587252813.0,"(38.91468, -77.00155, 0.0)",303 Seaton Place Washington DC 20002,Langley Elementary,McKinley Middle School,Dunbar Senior High,Ward 5 
dc1714134d,587252833.0,"(38.86563, -77.08011, 0.0)",2001 Columbia Pike Washington DC 22204,,,,
3399f7f278,587253465.0,"(38.89997, -76.99911, 0.0)",501 H Street NE Washington DC 20002,Ludlow-Taylor Elementary,Stuart-Hobson Middle School,Eastern Senior High,Ward 6 
175ebe60b6,587254629.0,"(38.88168, -77.01681, 0.0)",301 G Street SW Washington DC 20024,Amidon-Bowen Elementary,Jefferson Middle School,Eastern Senior High,Ward 6 
fae0793bab,581753433.0,"(38.91039, -77.02223, 0.0)",1550 7th Street NW Washington DC 20001,Seaton Elementary,Shaw Middle School,Cardozo Senior High,Ward 6 
a874925c64,587252909.0,"(38.90485, -76.99476, 0.0)",800 Florida Avenue NE Washington DC 20002,Wheatley Elementary,Wheatley Middle School,Dunbar Senior High,Ward 5 
e0231ca669,581753505.0,"(38.90982, -76.93213, 0.0)",4920 Minnesota Avenue NE Washington DC 20019,Houston Elementary,Kelly Miller Middle School,Woodson Senior High,Ward 7 
c60816575e,587253097.0,"(38.85678, -76.98629, 0.0)",2347 Pomeroy Road Washington DC 20020,Moten Elementary,Kramer Middle School,Anacostia Senior High,Ward 8 
0811741d87,587253737.0,"(38.88484, -77.00034, 0.0)",326 4th Street SE Washington DC 20003,Brent Elementary,Jefferson Middle School,Eastern Senior High,Ward 6 
eb8528d7e1,587254249.0,"(38.93915, -77.02938, 0.0)",3913 13th Street NW Washington DC 20011,Powell Elementary,MacFarland Middle School,Roosevelt Senior High,Ward 4 
6606bc4ee6,587253649.0,"(38.88632, -76.988, 0.0)",1304 Carolina Avenue SE Washington DC 20003,Payne Elementary,Eliot-Hine Middle School,Eastern Senior High,Ward 6 
4ad155d7f4,587254145.0,"(38.93303, -77.02575, 0.0)",749 Park Road NW Washington DC 20010,Tubman Elementary,Columbia Heights Middle School,Cardozo Senior High,Ward 1 
707f4daf42,581753349.0,"(38.86776, -76.98428, 0.0)",1414 T Street SE Washington DC 20020,Ketcham Elementary,Kramer Middle School,Anacostia Senior High,Ward 8 
7e655b5245,581753605.0,"(38.88217, -76.99242, 0.0)",510 10th Street SE Washington DC 20003,Tyler Elementary,Jefferson Middle School,Eastern Senior High,Ward 6 
67ba1d3f57,581753489.0,"(38.92118, -77.03691, 0.0)",2400 16th Street NW Washington DC 20009,"Reed, Marie Elementary",Columbia Heights Middle School,Cardozo Senior High,Ward 1 
7e01eab3b1,587254585.0,"(38.85771, -76.98796, 0.0)",2607 Douglas Road Washington DC 20020,Moten Elementary,Kramer Middle School,Anacostia Senior High,Ward 8 
86a46f3926,587253009.0,"(38.93772, -77.00094, 0.0)",3885 Harewood Road NE Washington DC 20017,Brookland @ Bunker Hill Elementary,Brookland Middle School,Dunbar Senior High,Ward 5 
2931c3a219,587253297.0,"(38.90078, -77.01694, 0.0)",425 Massachusetts Avenue NW Washington DC 20001,Walker-Jones Elementary,Walker-Jones Middle School,Dunbar Senior High,Ward 6 
ad5d270c8d,587254085.0,"(38.92845, -77.03461, 0.0)",1450 Irving Street NW Washington DC 20010,"Cooke, H.D Elementary",Columbia Heights Middle School,Cardozo Senior High,Ward 1 
020cf32435,513167789.0,"(38.93288, -77.06095, 0.0)",3100 Macomb Street NW Washington DC nan,Eaton Elementary,Hardy Middle School,Wilson Senior High,Ward 3 
bae7b09add,581753629.0,"(38.94355, -77.07483, 0.0)",4204 38th Street NW Washington DC 20016,Hearst Elementary,Deal Middle School,Wilson Senior High,Ward 3 
dc291b1243,581753177.0,"(38.89716, -77.03005, 0.0)",1304 F Street NW Washington DC 20004,Thomson Elementary,Shaw Middle School,Cardozo Senior High,Ward 2 
4436f6af89,581753637.0,"(38.93148, -76.96056, 0.0)",3117 Chestnut Street NE Washington DC 20018,Langdon Elementary,McKinley Middle School,Dunbar Senior High,Ward 5 
1fc9a9497a,558875489.0,"(38.96287, -77.02165, 0.0)",529 Peabody Street NW Washington DC 20011,Whittier Elementary,New North Middle School,Coolidge Senior High,Ward 4 
3a5c009d9a,587253321.0,"(38.9187, -77.02677, 0.0)",2115 11st Street NW Washington DC 20001,Garrison Elementary,Shaw Middle School,Cardozo Senior High,Ward 1 
8f0998eaee,587253489.0,"(38.91834, -77.00144, 0.0)",310 V Street NE Washington DC 20002,Langley Elementary,McKinley Middle School,Dunbar Senior High,Ward 5 
194183eade,587253989.0,"(38.92652, -77.04244, 0.0)",1833 Summit Place NW Washington DC 20009,"Cooke, H.D Elementary",Columbia Heights Middle School,Cardozo Senior High,Ward 1 
06ded382d8,527097277.0,"(38.93743, -77.02486, 0.0)",850 Quincy Street NW Washington DC 20011,Raymond Elementary,MacFarland Middle School,Roosevelt Senior High,Ward 4 
8a12c702b6,587254557.0,"(38.90456, -76.93711, 0.0)",1027 45th Street NE Washington DC 20019-3802,Houston Elementary,Kelly Miller Middle School,Woodson Senior High,Ward 7 
7c60065dbf,559169029.0,"(38.92663, -76.96227, 0.0)",3127 Cherry Road NE Washington DC 20018,Langdon Elementary,McKinley Middle School,Dunbar Senior High,Ward 5 
ad28947911,581753157.0,"(38.92115, -76.95778, 0.0)",3305 Theodore R Hagans Drive NE Washington DC 20018,Langdon Elementary,McKinley Middle School,Dunbar Senior High,Ward 5 
62f049b22e,558875433.0,"(38.95024, -77.06754, 0.0)",4600 Connecticut Avenue NW Washington DC 20008,Murch Elementary,Deal Middle School,Wilson Senior High,Ward 3 
0e0bfbb727,581753153.0,"(38.93166, -77.01976, 0.0)",434 Luray Place NW Washington DC 20010,Bruce Monroe @ Park View Elementary,MacFarland Middle School,Roosevelt Senior High,Ward 1 
cb9680f8c4,581753473.0,"(38.86781, -76.95467, 0.0)",3709 S Street SE Washington DC 20020,Randle Highlands Elementary,Sousa Middle School,Anacostia Senior High,Ward 7 
bebf92d28b,584720805.0,"(38.92163, -77.04515, 0.0)",1857 Mintwood Place Washington DC 20009,Oyster-Adams Elementary,Oyster-Adams Middle School,Wilson Senior High,Ward 1 
cb6b5f1a4b,587253873.0,"(38.91537, -77.04061, 0.0)",1762 T Street NW Washington DC 20009,"Reed, Marie Elementary",Columbia Heights Middle School,Cardozo Senior High,Ward 2 
ea03a97d26,587254177.0,"(38.95528, -76.9947, 0.0)",5308 Chillum Place NE Washington DC 20011,Lasalle-Backus Elementary,New North Middle School,Coolidge Senior High,Ward 5 
65a99e24f6,587253845.0,"(38.91796, -77.04773, 0.0)",2100 Connecticut Avenue NW Washington DC 20008,School Without Walls @ Francis-Stevens Elementary,School Without Walls @ Francis-Stevens Middle School,Cardozo Senior High,Ward 2 
59b4bf73e3,581753161.0,"(38.97086, -77.02439, 0.0)",6629 Piney Branch Road NW Washington DC 20012,Takoma Elementary,New North Middle School,Coolidge Senior High,Ward 4 
2a984ed74c,587253453.0,"(38.91131, -77.00387, 0.0)",150 Q Street NE Washington DC 20002,Langley Elementary,McKinley Middle School,Dunbar Senior High,Ward 5 
5bc63edf83,587253673.0,"(38.87772, -76.98439, 0.0)",1424 L Street Washington DC 20003,Tyler Elementary,Jefferson Middle School,Eastern Senior High,Ward 6 
50253eec25,581753285.0,"(38.93404, -77.03421, 0.0)",1438 Oak Street NW Washington DC 20010,Raymond Elementary,MacFarland Middle School,Roosevelt Senior High,Ward 1 
b0729af8e1,587253213.0,"(38.96564, -77.01581, 0.0)",6228 Dakota Avenue Washington DC 20912,Whittier Elementary,New North Middle School,Coolidge Senior High,Ward 4 
a4eebe82a3,587253161.0,"(39.01558, -76.97837, 0.0)",1626 Oakview Drive Washington DC 20903,,,,
c54b5ec62b,587253381.0,"(38.8938, -76.98958, 0.0)",1214 C Street Washington DC 20002,Maury Elementary,Eliot-Hine Middle School,Eastern Senior High,Ward 6 
7e1a3c8163,587254553.0,"(38.89862, -76.91945, 0.0)",5539 Jay Street NE Washington DC 20019,Burrville Elementary,Kelly Miller Middle School,Woodson Senior High,Ward 7 
b00cf0d7a1,515573045.0,"(38.9265728, -76.9595626, 0.0)",3117 Fort Lincoln Drive NE Washington DC 20018,Langdon Elementary,McKinley Middle School,Dunbar Senior High,Ward 5 
2c29c710c9,581753369.0,"(38.91466, -77.02926, 0.0)",1813 13th Street NW Washington DC 20009,Garrison Elementary,Shaw Middle School,Cardozo Senior High,Ward 1 
59b46ca6a8,581753573.0,"(38.8885, -76.98458, 0.0)",1427 A Street SE Washington DC 20003,Payne Elementary,Eliot-Hine Middle School,Eastern Senior High,Ward 6 
7a37531a0b,581753569.0,"(38.8885, -76.98458, 0.0)",1427 A Street SE Washington DC 20003,Payne Elementary,Eliot-Hine Middle School,Eastern Senior High,Ward 6 
016ef99f88,581753553.0,"(38.96795, -77.02092, 0.0)",6419 6th Street NW Washington DC 20012,Whittier Elementary,New North Middle School,Coolidge Senior High,Ward 4 
4339361971,581753265.0,"(38.95208, -77.0087, 0.0)",5039 Capitol Street NE Washington DC 20011,Barnard Elementary,MacFarland Middle School,Roosevelt Senior High,Ward 5 
b082f4ad76,587253169.0,"(38.90444, -77.02735, 0.0)",1101 L Street NW Washington DC 20005,Thomson Elementary,Shaw Middle School,Cardozo Senior High,Ward 2 
98c36aabd1,587253933.0,"(38.9165, -77.03807, 0.0)",1931 17th Street NW Washington DC 20009,"Reed, Marie Elementary",Columbia Heights Middle School,Cardozo Senior High,Ward 2 
e09eab0e02,581753513.0,"(38.96888, -77.01563, 0.0)",221 Underwood Street NW Washington DC 20012,Whittier Elementary,New North Middle School,Coolidge Senior High,Ward 4 
9bc9e62fe8,581753517.0,"(38.96888, -77.01563, 0.0)",221 Underwood Street NW Washington DC 20012,Whittier Elementary,New North Middle School,Coolidge Senior High,Ward 4 
eeafa9ad7b,587254237.0,"(38.95852, -77.00272, 0.0)",5661 3rd Street NE Washington DC 20011,Lasalle-Backus Elementary,New North Middle School,Coolidge Senior High,Ward 4 
cc6bf01b30,587254097.0,"(38.93477, -77.02929, 0.0)",1221 Otis Place NW Washington DC 20010,Raymond Elementary,MacFarland Middle School,Roosevelt Senior High,Ward 1 
44355865c0,587254045.0,"(38.97256, -77.03319, 0.0)",1399 Aspen Street NW Washington DC 20012,Takoma Elementary,New North Middle School,Coolidge Senior High,Ward 4 
7008261a60,581753425.0,"(38.90883, -77.0037, 0.0)",100 Florida Avenue NE Washington DC 20002,Wheatley Elementary,Wheatley Middle School,Dunbar Senior High,Ward 5 
3e63103f50,581753325.0,"(38.91574, -77.02459, 0.0)",913 T Street NW Washington DC 20001,Garrison Elementary,Shaw Middle School,Cardozo Senior High,Ward 1 
49bd0d4856,581753521.0,"(38.95853, -77.06951, 0.0)",3633 Ingomar Place NW Washington DC 20015,Murch Elementary,Deal Middle School,Wilson Senior High,Ward 3 
fd26b216da,587253033.0,"(38.87605, -77.01473, 0.0)",222 M Street SW Washington DC 20024,Amidon-Bowen Elementary,Jefferson Middle School,Eastern Senior High,Ward 6 
5290001e9e,581753461.0,"(38.91645, -77.03941, 0.0)",1725 Willard Street NW Washington DC 20009,"Reed, Marie Elementary",Columbia Heights Middle School,Cardozo Senior High,Ward 2 
7f1c3c1e92,587253721.0,"(38.91731, -76.97301, 0.0)",1600 New York Avenue Washington DC 20003,Langdon Elementary,McKinley Middle School,Dunbar Senior High,Ward 5 
239b7a4c15,581753225.0,"(38.9524, -77.02944, 0.0)",5107 13th Street NW Washington DC 20011,West Elementary,MacFarland Middle School,Roosevelt Senior High,Ward 4 
ef5e61c57c,515573433.0,"(38.93069, -77.02423, 0.0)",3232 Georgia Avenue NW Washington DC 20010,Tubman Elementary,Columbia Heights Middle School,Cardozo Senior High,Ward 1 
079878330e,581753317.0,"(38.96181, -77.02319, 0.0)",716 Oneida Place NW Washington DC 20011,Whittier Elementary,New North Middle School,Coolidge Senior High,Ward 4 
7614b515d0,587254673.0,"(38.90446, -77.04789, 0.0)",1129 New Hampshire Avenue Washington DC 20037,School Without Walls @ Francis-Stevens Elementary,School Without Walls @ Francis-Stevens Middle School,Cardozo Senior High,Ward 2 
c51550c92e,513167773.0,"(38.96595, -77.0165, 0.0)",308 Sheridan Street NW Washington DC nan,Whittier Elementary,New North Middle School,Coolidge Senior High,Ward 4 
96ab85b5ab,581753377.0,"(38.9606, -77.0353, 0.0)",1431 Manchester Lane NW Washington DC 20011,Brightwood Elementary,New North Middle School,Coolidge Senior High,Ward 4 
2d6624e6c8,587253781.0,"(38.897, -77.0458, 0.0)",2020 F Street NW Washington DC 20006,School Without Walls @ Francis-Stevens Elementary,School Without Walls @ Francis-Stevens Middle School,Cardozo Senior High,Ward 2 
8ebfdf6260,372893453.0,"(38.89496, -76.99435, 0.0)",812 D Street NE Washington DC 20002,Ludlow-Taylor Elementary,Stuart-Hobson Middle School,Eastern Senior High,Ward 6 
d9849e3930,582730793.0,"(38.91494, -77.02849, 0.0)",1816 12th Street NW Washington DC 20009,Garrison Elementary,Shaw Middle School,Cardozo Senior High,Ward 1 
12d0cd3868,587254337.0,"(38.96977, -77.06094, 0.0)",5315 Conn Avenue NW Washington DC 20015,Lafayette Elementary,Deal Middle School,Wilson Senior High,Ward 4 
17a01dfff7,581753381.0,"(38.93997, -77.02879, 0.0)",1231 Shepherd Street NW Washington DC 20011,Powell Elementary,MacFarland Middle School,Roosevelt Senior High,Ward 4 
1817843986,581753385.0,"(38.94054, -76.9729, 0.0)",2227 Taylor Street NE Washington DC 20018,Brookland @ Bunker Hill Elementary,Brookland Middle School,Dunbar Senior High,Ward 5 
f1295f6672,587253637.0,"(38.90427, -77.00178, 0.0)",1119 3rd Street NE Washington DC 20002,"Wilson, J.O. Elementary",Stuart-Hobson Middle School,Eastern Senior High,Ward 6 
5c9425746f,581753453.0,"(38.91342, -77.03427, 0.0)",1715 15th Street NW Washington DC 20009,Garrison Elementary,Shaw Middle School,Cardozo Senior High,Ward 2 
1a22ebf79a,587253017.0,"(38.93624, -77.08622, 0.0)",4400 Massachusetts Avenue NW Washington DC 20016,Mann Elementary,Hardy Middle School,Wilson Senior High,Ward 3 
7fdcf86be7,587253997.0,"(38.91305, -77.03617, 0.0)",1701 16th Street NW Washington DC 20009,Garrison Elementary,Shaw Middle School,Cardozo Senior High,Ward 2 
4aae895588,587254301.0,"(38.97917, -77.02897, 0.0)",1210 Geranium Street NW Washington DC 20012,Shepherd Elementary,Deal Middle School,Wilson Senior High,Ward 4 
39b09a884b,587254529.0,"(38.87732, -76.93682, 0.0)",1137 44th Place SE Washington DC 20019,Plummer Elementary,Sousa Middle School,Anacostia Senior High,Ward 7 
891521ce5f,527236721.0,"(38.95287, -77.00748, 0.0)",100 Gallatin Street NE Washington DC 20011,Lasalle-Backus Elementary,New North Middle School,Coolidge Senior High,Ward 5 
2566fbc119,587254345.0,"(38.96228, -77.0737, 0.0)",5425 Connecticut Avenue NW Washington DC 20015,Lafayette Elementary,Deal Middle School,Wilson Senior High,Ward 3 
5416739f01,587253285.0,"(38.9195, -77.01334, 0.0)",2209 Flagler Place NW Washington DC 20001,Langley Elementary,McKinley Middle School,Dunbar Senior High,Ward 5 
133751eca4,581753341.0,"(38.91795, -77.03966, 0.0)",1736 V Street NW Washington DC 20009,"Reed, Marie Elementary",Columbia Heights Middle School,Cardozo Senior High,Ward 1 
abd9cdc60a,581753173.0,"(38.92055, -77.03069, 0.0)",1331 Florida Avenue NW Washington DC 20009,Garrison Elementary,Shaw Middle School,Cardozo Senior High,Ward 1 
a78fe6a6f3,581753209.0,"(38.92675, -77.04285, 0.0)",1845 Summit Place NW Washington DC 20009,"Cooke, H.D Elementary",Columbia Heights Middle School,Cardozo Senior High,Ward 1 
46683f16e5,501097505.0,"(38.92416, -76.99124, 0.0)",1013 Evarts Street NE Washington DC 20018,Noyes Elementary,Brookland Middle School,Dunbar Senior High,Ward 5 
cdfe6643e8,501097513.0,"(38.92811, -77.0212, 0.0)",610 Columbia Road NW Washington DC 20001,Bruce Monroe @ Park View Elementary,MacFarland Middle School,Roosevelt Senior High,Ward 1 
0cb392a986,581753277.0,"(38.94126, -77.01608, 0.0)",305 Taylor Street NW Washington DC 20011,Bruce Monroe @ Park View Elementary,MacFarland Middle School,Roosevelt Senior High,Ward 4 
6343d853fc,581753565.0,"(38.88103, -76.99593, 0.0)",703 G Street SE Washington DC 20003,Tyler Elementary,Jefferson Middle School,Eastern Senior High,Ward 6 
a8dacc60b5,584716545.0,"(38.91576, -77.00532, 0.0)",116 T Street NE Washington DC nan,Langley Elementary,McKinley Middle School,Dunbar Senior High,Ward 5 
515a48ef50,584716593.0,"(38.88112, -76.98812, 0.0)",1301 Pennsylvania Avenue SE Washington DC nan,Tyler Elementary,Jefferson Middle School,Eastern Senior High,Ward 6 
c44107fb81,587254329.0,"(38.95875, -77.07165, 0.0)",5231 Connecticut Avenue NW Washington DC 20015,Murch Elementary,Deal Middle School,Wilson Senior High,Ward 3 
960c91d8d9,581753257.0,"(38.94614, -77.01965, 0.0)",502 Buchanan Street NW Washington DC 20011,Barnard Elementary,MacFarland Middle School,Roosevelt Senior High,Ward 4 
79602c28fd,581753197.0,"(38.95367, -77.00793, 0.0)",24 Hamilton Street NE Washington DC 20011,Lasalle-Backus Elementary,New North Middle School,Coolidge Senior High,Ward 5 
2aca2692e2,581753261.0,"(38.96046, -77.01685, 0.0)",5807 3rd Place NW Washington DC 20011,Whittier Elementary,New North Middle School,Coolidge Senior High,Ward 4 
04faf180cc,587254281.0,"(38.9552, -77.02117, 0.0)",610 Jefferson Street NW Washington DC 20011,Truesdell Elementary,MacFarland Middle School,Roosevelt Senior High,Ward 4 
b25f46a91f,558875377.0,"(38.95224, -77.02144, 0.0)",637 Gallatin Street NW Washington DC 20011,Truesdell Elementary,MacFarland Middle School,Roosevelt Senior High,Ward 4 
b7b2561c41,581753597.0,"(38.92691, -77.03992, 0.0)",1650 Harvard Street NW Washington DC 20009,"Cooke, H.D Elementary",Columbia Heights Middle School,Cardozo Senior High,Ward 1 
f4852e691d,581753469.0,"(38.90448, -77.02761, 0.0)",1111 Massachusetts Avenue NW Washington DC 20005,Thomson Elementary,Shaw Middle School,Cardozo Senior High,Ward 2 
5f45a03b22,581753397.0,"(38.87772, -76.98739, 0.0)",1320 L Street SE Washington DC 20003,Tyler Elementary,Jefferson Middle School,Eastern Senior High,Ward 6 
f646a08a23,587254493.0,"(38.8928, -76.96061, 0.0)",233 Anacistia Avenue NE Washington DC 20019,Thomas Elementary,Kelly Miller Middle School,Woodson Senior High,Ward 7 
376c64f5ae,587255081.0,"(38.93209, -77.03706, 0.0)",1611 Park Road NW Washington DC 20010,Bancroft Elementary,Deal Middle School,Wilson Senior High,Ward 1 
930609ccb8,587253833.0,"(38.93619, -77.05569, 0.0)",2800 Quebec Street Washington DC 20008,Eaton Elementary,Hardy Middle School,Wilson Senior High,Ward 3 
b09984cf51,581753333.0,"(38.89224, -76.98955, 0.0)",1216 Constitution Avenue NE Washington DC 20002,Maury Elementary,Eliot-Hine Middle School,Eastern Senior High,Ward 6 
66284c80df,581755497.0,"(38.92323, -76.95232, 0.0)",3722 Hansberry Court NE Washington DC nan,Langdon Elementary,McKinley Middle School,Dunbar Senior High,Ward 5 
52324a1ea3,587252953.0,"(38.93206, -76.99704, 0.0)",625 Monroe Street NE Washington DC 20017,Noyes Elementary,Brookland Middle School,Dunbar Senior High,Ward 5 
6c779b62b3,587254065.0,"(38.93712, -77.02739, 0.0)",1001 Quebec Place NW Washington DC 20010,Raymond Elementary,MacFarland Middle School,Roosevelt Senior High,Ward 4 
3eb3069102,581753269.0,"(38.96838, -77.01485, 0.0)",6439 2nd Place NW Washington DC 20012,Whittier Elementary,New North Middle School,Coolidge Senior High,Ward 4 
225dc30d5f,587253817.0,"(38.92208, -77.0817, 0.0)",2325 42nd Street NW Washington DC 20007,Stoddert Elementary,Hardy Middle School,Wilson Senior High,Ward 3 
1455329e2c,587255105.0,"(38.92757, -76.98686, 0.0)",1319 Hamlin Street NE Washington DC 20017,Noyes Elementary,Brookland Middle School,Dunbar Senior High,Ward 5 
41c774e92c,581753301.0,"(38.94302, -77.01638, 0.0)",318 Varnum Street NW Washington DC 20011,Barnard Elementary,MacFarland Middle School,Roosevelt Senior High,Ward 4 
92de5ef499,581753413.0,"(38.92352, -77.02838, 0.0)",1206 Euclid Street NW Washington DC 20009,Garrison Elementary,Shaw Middle School,Cardozo Senior High,Ward 1 
d418729040,581753497.0,"(38.92471, -76.99993, 0.0)",410 Evarts Street NE Washington DC 20017,Noyes Elementary,Brookland Middle School,Dunbar Senior High,Ward 5 
67e6589df7,581753533.0,"(38.98168, -77.03595, 0.0)",7529 16th Street NW Washington DC 20012,Shepherd Elementary,Deal Middle School,Wilson Senior High,Ward 4 
97002f9b71,587252889.0,"(38.90485, -76.99476, 0.0)",800 Florida Avenue NE Washington DC 20002,Wheatley Elementary,Wheatley Middle School,Dunbar Senior High,Ward 5 
e9b5704dae,587253081.0,"(38.95852, -77.00272, 0.0)",5661 3rd Street NE Washington DC 20011,Lasalle-Backus Elementary,New North Middle School,Coolidge Senior High,Ward 4 
8981d013f4,581753389.0,"(38.91628, -77.01604, 0.0)",1904 3rd Street NW Washington DC 20001,Cleveland Elementary,Shaw Middle School,Cardozo Senior High,Ward 1 
6cf135dc1b,275164981.0,"(38.95751, -77.00825, 0.0)",7 Longfellow Street NE Washington DC 20011,Lasalle-Backus Elementary,New North Middle School,Coolidge Senior High,Ward 4 
931248a574,587254285.0,"(38.96106, -77.00336, 0.0)",241 Oglethorpe Street NE Washington DC 20011,Lasalle-Backus Elementary,New North Middle School,Coolidge Senior High,Ward 4 
9e94674f5e,581753237.0,"(38.90853, -77.03323, 0.0)",1441 Rhode Island Avenue NW Washington DC 20005,Ross Elementary,Shaw Middle School,Cardozo Senior High,Ward 2 
ed7c767c3d,587253357.0,"(38.90883, -77.0037, 0.0)",100 Florida Avenue NE Washington DC 20002,Wheatley Elementary,Wheatley Middle School,Dunbar Senior High,Ward 5 
e9aedaff3b,581753289.0,"(38.8807, -76.99353, 0.0)",716 9th Street SE Washington DC 20003,Tyler Elementary,Jefferson Middle School,Eastern Senior High,Ward 6 
13f901d571,587253565.0,"(38.90036, -77.00096, 0.0)",360 H Street NE Washington DC 20002,"Wilson, J.O. Elementary",Stuart-Hobson Middle School,Eastern Senior High,Ward 6 
db2b4d5372,266366093.0,"(38.91146, -77.01657, 0.0)",1607 New Jersey Avenue NW Washington DC 20001,Seaton Elementary,Shaw Middle School,Cardozo Senior High,Ward 5 
be0e3aea7f,581753401.0,"(38.88635, -76.97755, 0.0)",1840 Burke Street SE Washington DC 20003,Payne Elementary,Eliot-Hine Middle School,Eastern Senior High,Ward 6 
ddde5ed172,581753313.0,"(38.98211, -77.02829, 0.0)",7563 Alaska Avenue NW Washington DC 20012,Shepherd Elementary,Deal Middle School,Wilson Senior High,Ward 4 
2164925631,587254013.0,"(38.92085, -77.04259, 0.0)",1809 Belmont Road Washington DC 20009,Oyster-Adams Elementary,Oyster-Adams Middle School,Wilson Senior High,Ward 1 
269bb7af0a,587254393.0,"(38.94265, -76.98621, 0.0)",1346 Michigan Avenue NE Washington DC 20017,Brookland @ Bunker Hill Elementary,Brookland Middle School,Dunbar Senior High,Ward 5 
897f89ecf8,587253417.0,"(38.89631, -76.97246, 0.0)",505 24th Street NE Washington DC 20002,Miner Elementary,Eliot-Hine Middle School,Eastern Senior High,Ward 7 
01db7731c2,587254409.0,"(38.92667, -76.99911, 0.0)",2879 Chancellor'S Way NE Washington DC 20017,Noyes Elementary,Brookland Middle School,Dunbar Senior High,Ward 5 
15a38912b3,587254525.0,"(38.8755, -76.96043, 0.0)",3211 M Street SE Washington DC 20019,Randle Highlands Elementary,Sousa Middle School,Anacostia Senior High,Ward 7 
4849b89c17,581753561.0,"(38.94802, -76.9918, 0.0)",1013 Decatur Street NE Washington DC 20017,Brookland @ Bunker Hill Elementary,Brookland Middle School,Dunbar Senior High,Ward 5 
586f4c435b,587253309.0,"(38.9485, -77.06516, 0.0)",4501 Connecticut Avenue Washington DC 20001,Murch Elementary,Deal Middle School,Wilson Senior High,Ward 3 
6668b06446,587254485.0,"(38.89434, -76.95842, 0.0)",3334 Clay Place NE Washington DC 20019,Thomas Elementary,Kelly Miller Middle School,Woodson Senior High,Ward 7 
4ab71686ea,581753537.0,"(38.95733, -77.02016, 0.0)",5546 5th Street NW Washington DC 20011,Truesdell Elementary,MacFarland Middle School,Roosevelt Senior High,Ward 4 
3603841f96,581753585.0,"(38.88236, -76.98139, 0.0)",1624 Potomac Avenue SE Washington DC 20003,Watkins Elementary,Stuart-Hobson Middle School,Eastern Senior High,Ward 6 
a841819537,581753593.0,"(38.88823, -76.99766, 0.0)",4 Browns Court SE Washington DC 20003,Brent Elementary,Jefferson Middle School,Eastern Senior High,Ward 6 
3f18f418f3,587253921.0,"(38.91132, -77.03698, 0.0)",1600 16th Street NW Washington DC 20009,Ross Elementary,Shaw Middle School,Cardozo Senior High,Ward 2 
61eda32df0,581753165.0,"(38.8973, -76.97172, 0.0)",548 25th Place NE Washington DC 20002,Miner Elementary,Eliot-Hine Middle School,Eastern Senior High,Ward 7 
d80b0e2af5,587253977.0,"(38.89753, -77.00038, 0.0)",400 F Street Washington DC 20009,Ludlow-Taylor Elementary,Stuart-Hobson Middle School,Eastern Senior High,Ward 6 
6104976b20,581753205.0,"(38.94642, -77.02551, 0.0)",4604 9th Street NW Washington DC 20011,West Elementary,MacFarland Middle School,Roosevelt Senior High,Ward 4 
d21f2ebefb,581753421.0,"(38.93749, -76.98909, 0.0)",1234 Quincy Street NE Washington DC 20017,Brookland @ Bunker Hill Elementary,Brookland Middle School,Dunbar Senior High,Ward 5 
fa85b66463,581753245.0,"(38.96844, -77.02041, 0.0)",510 Underwood Street NW Washington DC 20012,Whittier Elementary,New North Middle School,Coolidge Senior High,Ward 4 
f5326c39e5,581753169.0,"(38.94986, -76.99194, 0.0)",4932 11st Street NE Washington DC 20017,Brookland @ Bunker Hill Elementary,Brookland Middle School,Dunbar Senior High,Ward 5 
2d525d8293,587254133.0,"(38.93406, -77.03145, 0.0)",1349 Oak Street NW Washington DC 20010,Raymond Elementary,MacFarland Middle School,Roosevelt Senior High,Ward 1 
9774772cc7,587254617.0,"(38.87344, -77.01545, 0.0)",1311 Delaware Avenue SW Washington DC 20024,Amidon-Bowen Elementary,Jefferson Middle School,Eastern Senior High,Ward 6 
41b8ba940a,581753229.0,"(38.94549, -77.01868, 0.0)",423 Allison Street NW Washington DC 20011,Barnard Elementary,MacFarland Middle School,Roosevelt Senior High,Ward 4 
c1ddace5cd,587254549.0,"(38.87508, -76.96636, 0.0)",1327 Anacostia Road SE Washington DC 20019,Randle Highlands Elementary,Sousa Middle School,Anacostia Senior High,Ward 7 
bd20681179,581753525.0,"(38.92529, -77.08025, 0.0)",4000 Tunlaw Road NW Washington DC 20007,Stoddert Elementary,Hardy Middle School,Wilson Senior High,Ward 3 
7755334d31,581753529.0,"(38.92529, -77.08025, 0.0)",4000 Tunlaw Road NW Washington DC 20007,Stoddert Elementary,Hardy Middle School,Wilson Senior High,Ward 3 
57b8bc2595,581753441.0,"(38.912, -77.0177, 0.0)",407 Warner Street NW Washington DC 20001,Seaton Elementary,Shaw Middle School,Cardozo Senior High,Ward 6 
f5dbce8c9c,587253773.0,"(38.90485, -77.034, 0.0)",1133 15th Street NW Washington DC 20005,Thomson Elementary,Shaw Middle School,Cardozo Senior High,Ward 2 
f877ffe4e3,587254645.0,"(38.83986, -77.00625, 0.0)",3605 Brothers Place SE Washington DC 20032,Simon Elementary,Hart Middle School,Ballou Senior High,Ward 8 
2970928743,581753613.0,"(38.90944, -77.06804, 0.0)",1524 34th Street NW Washington DC 20007,Hyde-Addison Elementary,Hardy Middle School,Wilson Senior High,Ward 2 
5c73c008f3,587254469.0,"(38.92752, -76.97275, 0.0)",2414 Hamlin Place NE Washington DC 20018,Langdon Elementary,McKinley Middle School,Dunbar Senior High,Ward 5 
c295ab7ae5,587254429.0,"(38.93648, -76.9901, 0.0)",1218 Perry Street NE Washington DC 20017,Brookland @ Bunker Hill Elementary,Brookland Middle School,Dunbar Senior High,Ward 5 
de9a63c803,233976161.0,"(38.93076, -76.98165, 0.0)",1609 Kearny Street NE Washington DC 20018,Burroughs Elementary,Brookland Middle School,Dunbar Senior High,Ward 5 
b3a3cd1f3d,581753545.0,"(38.9588, -76.99801, 0.0)",5721 6th Street NE Washington DC 20011,Lasalle-Backus Elementary,New North Middle School,Coolidge Senior High,Ward 4 
290decaa87,581753457.0,"(38.86433, -76.97749, 0.0)",1958 19th Place SE Washington DC 20020,Ketcham Elementary,Kramer Middle School,Anacostia Senior High,Ward 8 
40fdd8001f,581753501.0,"(38.92068, -77.03165, 0.0)",2303 14th Street NW Washington DC 20009,Garrison Elementary,Shaw Middle School,Cardozo Senior High,Ward 1 
f5cc6a1298,587254377.0,"(38.92844, -77.07982, 0.0)",4000 Cathedral Avenue NW Washington DC 20016,Stoddert Elementary,Hardy Middle School,Wilson Senior High,Ward 3 
fddda736ae,587255125.0,"(38.93118, -77.0818, 0.0)",4201 Cathedral Avenue NW Washington DC 20016,Mann Elementary,Hardy Middle School,Wilson Senior High,Ward 3 
7219f1f380,581753625.0,"(38.89874, -76.99887, 0.0)",515 G Street NE Washington DC 20002,Ludlow-Taylor Elementary,Stuart-Hobson Middle School,Eastern Senior High,Ward 6 
cf01aaef96,581753365.0,"(38.88489, -77.00418, 0.0)",149 D Street SE Washington DC 20003,Brent Elementary,Jefferson Middle School,Eastern Senior High,Ward 6 
b1f576e2e7,587254189.0,"(38.93849, -77.02994, 0.0)",1300 Randolph Street NW Washington DC 20011,Powell Elementary,MacFarland Middle School,Roosevelt Senior High,Ward 4 
9de404edf3,587254257.0,"(38.9415075, -77.0251984, 0.0)",4142 9th Street NW Washington DC 20011,Bruce Monroe @ Park View Elementary,MacFarland Middle School,Roosevelt Senior High,Ward 4 
7bb9dd3415,581753249.0,"(38.94725, -77.01837, 0.0)",422 Crittenden Street NW Washington DC 20011,Barnard Elementary,MacFarland Middle School,Roosevelt Senior High,Ward 4 
94a9891219,587253185.0,"(39.01145, -77.04731, 0.0)",2208 Osborn Drive Washington DC 20910,,,,
5a468ded6d,581753701.0,"(38.94029, -76.97389, 0.0)",4119 22nd Street NE Washington DC 20018,Brookland @ Bunker Hill Elementary,Brookland Middle School,Dunbar Senior High,Ward 5 
442e6aa614,581753213.0,"(38.88089, -76.99968, 0.0)",725 5th Street SE Washington DC 20003,Brent Elementary,Jefferson Middle School,Eastern Senior High,Ward 6 
8094858120,587253021.0,"(38.93459, -76.99257, 0.0)",1000 Otis Street NE Washington DC 20017,Brookland @ Bunker Hill Elementary,Brookland Middle School,Dunbar Senior High,Ward 5 
9fd0f98449,581753305.0,"(38.92085, -77.04329, 0.0)",1831 Belmont Road NW Washington DC 20009,Oyster-Adams Elementary,Oyster-Adams Middle School,Wilson Senior High,Ward 1 
e9ec691edf,587253433.0,"(38.91129, -77.00303, 0.0)",200 Q Street NE Washington DC 20002,Langley Elementary,McKinley Middle School,Dunbar Senior High,Ward 5 
c4a05e99e6,587253273.0,"(38.91366, -77.02167, 0.0)",1727 7th Street NW Washington DC 20001,Cleveland Elementary,Shaw Middle School,Cardozo Senior High,Ward 6 
37fac61e8b,587254213.0,"(38.96149, -77.02343, 0.0)",721 Oglethorpe Street NW Washington DC 20011,Whittier Elementary,New North Middle School,Coolidge Senior High,Ward 4 
649cd9592f,587254477.0,"(38.90169, -76.95071, 0.0)",711 Anacostia Avenue NE Washington DC 20019,Thomas Elementary,Kelly Miller Middle School,Woodson Senior High,Ward 7 
7a203c590b,584716629.0,"(38.90522, -77.04538, 0.0)",2000 M Street NW Washington DC nan,School Without Walls @ Francis-Stevens Elementary,School Without Walls @ Francis-Stevens Middle School,Cardozo Senior High,Ward 2 
660de8c440,587253261.0,"(38.9113, -77.01415, 0.0)",211 Q Street NW Washington DC 20001,Seaton Elementary,Shaw Middle School,Cardozo Senior High,Ward 5 
0af57b8827,587253005.0,"(38.94209, -77.03971, 0.0)",1719 Upshur Street NW Washington DC 20011,Powell Elementary,MacFarland Middle School,Roosevelt Senior High,Ward 4 
26bec4ad9e,581753445.0,"(38.87953, -77.00703, 0.0)",70 I Street SE Washington DC 20003,Van Ness Elementary,Jefferson Middle School,Eastern Senior High,Ward 6 
ad23a2f31b,234071237.0,"(38.91834, -77.01151, 0.0)",79 V Street NW Washington DC 20001,Langley Elementary,McKinley Middle School,Dunbar Senior High,Ward 5 
e1cdeef9d0,587254373.0,"(38.93624, -77.08622, 0.0)",4400 Massachusetts Avenue NW Washington DC 20016,Mann Elementary,Hardy Middle School,Wilson Senior High,Ward 3 
f3aad054c0,587254353.0,"(38.96172, -77.07324, 0.0)",5415 Connecticut Avenue NW Washington DC 20015,Lafayette Elementary,Deal Middle School,Wilson Senior High,Ward 3 
a3b26ae368,587252865.0,"(38.90485, -76.99476, 0.0)",800 Florida Avenue NE Washington DC 20002,Wheatley Elementary,Wheatley Middle School,Dunbar Senior High,Ward 5 
1abf5e8d20,587255117.0,"(38.93648, -76.99037, 0.0)",1210 Perry Street NE Washington DC 20017,Brookland @ Bunker Hill Elementary,Brookland Middle School,Dunbar Senior High,Ward 5 
17d975f7d3,587255133.0,"(38.88164, -77.01261, 0.0)",101 G Street Washington DC 20024,Amidon-Bowen Elementary,Jefferson Middle School,Eastern Senior High,Ward 6 
25c9f0243a,587253705.0,"(38.88599, -76.97814, 0.0)",1823 Burke Street SE Washington DC 20003,Payne Elementary,Eliot-Hine Middle School,Eastern Senior High,Ward 6 
ed52acc933,587254437.0,"(38.94546, -76.9806, 0.0)",1724 Allison Street NE Washington DC 20017,Brookland @ Bunker Hill Elementary,Brookland Middle School,Dunbar Senior High,Ward 5 
d586956225,587254653.0,"(38.89706, -77.05147, 0.0)",2400 Virginia Avenue Washington DC 20037,School Without Walls @ Francis-Stevens Elementary,School Without Walls @ Francis-Stevens Middle School,Cardozo Senior High,Ward 2 
1ca54951ae,584717289.0,"(38.91582, -77.04927, 0.0)",2200 California Street NW Washington DC 20008,School Without Walls @ Francis-Stevens Elementary,School Without Walls @ Francis-Stevens Middle School,Cardozo Senior High,Ward 2 
9a8f364993,587255113.0,"(38.93117, -77.02693, 0.0)",3312 Sherman Avenue NW Washington DC 20010,Tubman Elementary,Columbia Heights Middle School,Cardozo Senior High,Ward 1 
9a99c92de4,581753181.0,"(38.90048, -77.05277, 0.0)",2416 I Street NW Washington DC 20037,School Without Walls @ Francis-Stevens Elementary,School Without Walls @ Francis-Stevens Middle School,Cardozo Senior High,Ward 2 
3ae3af1a48,587253537.0,"(38.89662, -76.99804, 0.0)",603 Acker Place NE Washington DC 20002,Ludlow-Taylor Elementary,Stuart-Hobson Middle School,Eastern Senior High,Ward 6 
b6581a4061,581753193.0,"(38.95405, -77.02246, 0.0)",702 Ingraham Street NW Washington DC 20011,Truesdell Elementary,MacFarland Middle School,Roosevelt Senior High,Ward 4 
ac18d80c84,515573905.0,"(38.91463, -77.01001, 0.0)",24 Seaton Place NW Washington DC 20001,Langley Elementary,McKinley Middle School,Dunbar Senior High,Ward 5 
5594b1357d,587253397.0,"(38.89921, -77.00321, 0.0)",701 2nd Street NE Washington DC 20002,Ludlow-Taylor Elementary,Stuart-Hobson Middle School,Eastern Senior High,Ward 6 
144cbb5b8b,581753241.0,"(38.9693, -77.01126, 0.0)",65 Underwood Place NW Washington DC 20012,Whittier Elementary,New North Middle School,Coolidge Senior High,Ward 4 
1c389b0f55,587255109.0,"(38.91813, -77.04498, 0.0)",1930 Columbia Road Washington DC 20008,Oyster-Adams Elementary,Oyster-Adams Middle School,Wilson Senior High,Ward 1 
9d91391cd2,581753233.0,"(38.95708, -77.03195, 0.0)",1346 Longfellow Street NW Washington DC 20011,West Elementary,MacFarland Middle School,Roosevelt Senior High,Ward 4 
cdf48c8a3b,587254417.0,"(38.93831, -76.99488, 0.0)",Washington DC 20017,Brookland @ Bunker Hill Elementary,Brookland Middle School,Dunbar Senior High,Ward 5 
c3a1b9693e,587254361.0,"(38.96469, -77.07816, 0.0)",3912 Mckinley Street NW Washington DC 20015,Lafayette Elementary,Deal Middle School,Wilson Senior High,Ward 3 
48ddd79065,587254121.0,"(38.92908, -77.02571, 0.0)",783 Irving Street NW Washington DC 20010,Tubman Elementary,Columbia Heights Middle School,Cardozo Senior High,Ward 1 
4c2b283e34,587254229.0,"(38.95259, -77.01965, 0.0)",Washington DC 20011,Truesdell Elementary,MacFarland Middle School,Roosevelt Senior High,Ward 4 
648cf457c9,581753309.0,"(38.95405, -77.02246, 0.0)",702 Ingraham Street NW Washington DC 20011,Truesdell Elementary,MacFarland Middle School,Roosevelt Senior High,Ward 4 
77657f50a3,581753293.0,"(38.91575, -77.02482, 0.0)",919 T Street NW Washington DC 20001,Garrison Elementary,Shaw Middle School,Cardozo Senior High,Ward 1 
e6f2c15698,587253333.0,"(38.90391, -76.99776, 0.0)",618 L Street NE Washington DC 20002,"Wilson, J.O. Elementary",Stuart-Hobson Middle School,Eastern Senior High,Ward 6 
c8e8ebf6ab,587253617.0,"(38.89632, -77.00257, 0.0)",226 E Street NE Washington DC 20002,Ludlow-Taylor Elementary,Stuart-Hobson Middle School,Eastern Senior High,Ward 6 
34e4246050,581753361.0,"(38.88362, -76.97819, 0.0)",1824 Potomac Avenue SE Washington DC 20003,Watkins Elementary,Stuart-Hobson Middle School,Eastern Senior High,Ward 6 
ae88230343,587253073.0,"(38.93577, -77.03162, 0.0)",1354 Perry Place NW Washington DC 20010,Raymond Elementary,MacFarland Middle School,Roosevelt Senior High,Ward 1 
813d92fcd3,587253497.0,"(38.90114, -76.99975, 0.0)",834 5th Street NE Washington DC 20002,"Wilson, J.O. Elementary",Stuart-Hobson Middle School,Eastern Senior High,Ward 6 
0cd1182a02,587253369.0,"(38.91831, -76.99881, 0.0)",514 V Street NE Washington DC 20002,Langley Elementary,McKinley Middle School,Dunbar Senior High,Ward 5 
c906c2c328,581753493.0,"(38.96701, -77.05849, 0.0)",3036 Oliver Street NW Washington DC 20015,Lafayette Elementary,Deal Middle School,Wilson Senior High,Ward 4 
db1544ee94,581753621.0,"(38.86304, -76.96602, 0.0)",2921 W Street SE Washington DC 20020,Randle Highlands Elementary,Sousa Middle School,Anacostia Senior High,Ward 7 
30e0f4ba49,587253909.0,"(38.91286, -77.03685, 0.0)",1704 16th Street NW Washington DC 20009,Ross Elementary,Shaw Middle School,Cardozo Senior High,Ward 2 
a78ff9bc83,581753437.0,"(38.91178, -77.02934, 0.0)",1621 13th Street NW Washington DC 20009,Garrison Elementary,Shaw Middle School,Cardozo Senior High,Ward 2 
4de7f2fbb4,581753601.0,"(38.9433, -76.98806, 0.0)",4415 13th Street NE Washington DC 20017,Brookland @ Bunker Hill Elementary,Brookland Middle School,Dunbar Senior High,Ward 5 
d35c47c4e9,581753429.0,"(38.95209, -77.03546, 0.0)",1509 Gallatin Street NW Washington DC 20011,West Elementary,MacFarland Middle School,Roosevelt Senior High,Ward 4 
3e94b97371,587254401.0,"(38.93206, -76.99704, 0.0)",625 Monroe Street NE Washington DC 20017,Noyes Elementary,Brookland Middle School,Dunbar Senior High,Ward 5 
f2c67dce6a,587254385.0,"(38.93674, -77.08316, 0.0)",4301 Massachusetts Avenue NW Washington DC 20016,Mann Elementary,Hardy Middle School,Wilson Senior High,Ward 3 
731f4791f9,581753405.0,"(38.94565, -77.03117, 0.0)",4517 Arkansas Avenue NW Washington DC 20011,West Elementary,MacFarland Middle School,Roosevelt Senior High,Ward 4 
9e304787cb,558875481.0,"(38.87508, -77.00619, 0.0)",1263 First Street SE Washington DC 20003,Van Ness Elementary,Jefferson Middle School,Eastern Senior High,Ward 6 
766c7d6693,581753485.0,"(38.91281, -77.0262, 0.0)",1702 10th Street NW Washington DC 20001,Garrison Elementary,Shaw Middle School,Cardozo Senior High,Ward 6 
dd7d35ba41,274313917.0,"(38.89087, -76.991, 0.0)",3 Walter Houp Court NE Washington DC 20002,Maury Elementary,Eliot-Hine Middle School,Eastern Senior High,Ward 6 
b175922403,555195769.0,"(38.93432, -77.02828, 0.0)",3555 11st Street NW Washington DC 20010,Raymond Elementary,MacFarland Middle School,Roosevelt Senior High,Ward 1 
69cf57274a,581753345.0,"(38.90886, -77.05841, 0.0)",1410 29th Street NW Washington DC 20007,Hyde-Addison Elementary,Hardy Middle School,Wilson Senior High,Ward 2 
124c30df83,587253857.0,"(38.92355, -77.05634, 0.0)",2701 Calvert Street Washington DC 20008,Oyster-Adams Elementary,Oyster-Adams Middle School,Wilson Senior High,Ward 3 
e527916455,581753201.0,"(38.96709, -77.02049, 0.0)",514 Tuckerman Street NW Washington DC 20011,Whittier Elementary,New North Middle School,Coolidge Senior High,Ward 4 
07c1f8ad9e,587254193.0,"(38.95852, -77.00272, 0.0)",5661 3rd Street Washington DC 20011,Lasalle-Backus Elementary,New North Middle School,Coolidge Senior High,Ward 4 
f3c410f64a,587254105.0,"(38.92944, -77.03003, 0.0)",1302 Kenyon Street NE Washington DC 20010,Tubman Elementary,Columbia Heights Middle School,Cardozo Senior High,Ward 1 
55939d859d,581753321.0,"(38.92542, -77.09807, 0.0)",2816 Battery Place NW Washington DC 20016,Key Elementary,Hardy Middle School,Wilson Senior High,Ward 3 
0cf84d2bc2,587253445.0,"(38.8965908, -76.9927549, 0.0)",512 10th Street NE Washington DC 20002,Ludlow-Taylor Elementary,Stuart-Hobson Middle School,Eastern Senior High,Ward 6 
42b92d7b86,587254309.0,"(38.97552, -77.02643, 0.0)",7019 Georgia Avenue NW Washington DC 20012,Takoma Elementary,New North Middle School,Coolidge Senior High,Ward 4 
0a2f2f12dd,581753541.0,"(38.95964, -77.01917, 0.0)",423 Marietta Place NW Washington DC 20011,Whittier Elementary,New North Middle School,Coolidge Senior High,Ward 4 
b963bcb18d,581753297.0,"(38.92503, -77.02886, 0.0)",1225 Fairmont Street NW Washington DC 20009,Tubman Elementary,Columbia Heights Middle School,Cardozo Senior High,Ward 1 
92ad9e9812,503853073.0,"(38.93074, -77.05787, 0.0)",2800 Devonshire Place NW Washington DC 20008,Eaton Elementary,Hardy Middle School,Wilson Senior High,Ward 3 
82ae186973,581753253.0,"(38.95454, -77.01876, 0.0)",427 Ingraham Street NW Washington DC 20011,Truesdell Elementary,MacFarland Middle School,Roosevelt Senior High,Ward 4 
5e108a121a,581753477.0,"(38.9329, -77.02713, 0.0)",3500 New Hampshire Avenue NW Washington DC 20010,Raymond Elementary,MacFarland Middle School,Roosevelt Senior High,Ward 1 
379779fb5b,587253473.0,"(38.92161, -77.00183, 0.0)",2409 3rd Street NE Washington DC 20002,Langley Elementary,McKinley Middle School,Dunbar Senior High,Ward 5 
6451bb6f3e,275125373.0,"(38.92207, -77.03687, 0.0)",2440 16th Street NW Washington DC 20009,"Reed, Marie Elementary",Columbia Heights Middle School,Cardozo Senior High,Ward 1 
01fc89ac4a,587255025.0,"(38.92939, -76.96422, 0.0)",102 Vista Avenue Washington DC 21061,Langdon Elementary,McKinley Middle School,Dunbar Senior High,Ward 5 
67d5bb7da1,587253881.0,"(38.91315, -77.03821, 0.0)",1717 17th Street NW Washington DC 20009,Ross Elementary,Shaw Middle School,Cardozo Senior High,Ward 2 
11c7a7f3de,587254597.0,"(38.9587, -77.0862, 0.0)",209 44th Street NW Washington DC 20021,Janney Elementary,Deal Middle School,Wilson Senior High,Ward 3 
dde4144765,587254201.0,"(38.94374, -77.02368, 0.0)",4324 8th Street NW Washington DC 20011,Barnard Elementary,MacFarland Middle School,Roosevelt Senior High,Ward 4 
ff67c61a07,581753617.0,"(38.87949, -76.99048, 0.0)",1126 I Street SE Washington DC 20003,Tyler Elementary,Jefferson Middle School,Eastern Senior High,Ward 6 
8de548d007,581753577.0,"(38.87949, -76.99048, 0.0)",1126 I Street SE Washington DC 20003,Tyler Elementary,Jefferson Middle School,Eastern Senior High,Ward 6 
86dea25b65,581753509.0,"(38.91688, -77.01837, 0.0)",415 U Street NW Washington DC 20001,Cleveland Elementary,Shaw Middle School,Cardozo Senior High,Ward 1 
2884e235b6,515573737.0,"(38.9236, -77.05455, 0.0)",2501 Calvert Street NW Washington DC 20008,Oyster-Adams Elementary,Oyster-Adams Middle School,Wilson Senior High,Ward 3 
70aa406d30,587253509.0,"(38.90367, -76.97566, 0.0)",2004 Maryland Avenue NE Washington DC 20002,Browne Elementary,Browne Middle School,Eastern Senior High,Ward 5 
2db81afd9f,515573437.0,"(38.88072, -76.99153, 0.0)",Washington DC 20003,Tyler Elementary,Jefferson Middle School,Eastern Senior High,Ward 6 
eae2388174,581753185.0,"(38.88534, -76.992, 0.0)",1018 Carolina Avenue SE Washington DC 20003,Watkins Elementary,Stuart-Hobson Middle School,Eastern Senior High,Ward 6 
b8266b57b1,587254289.0,"(38.96171, -77.03561, 0.0)",1469 Oglethorpe Street NW Washington DC 20011,Brightwood Elementary,New North Middle School,Coolidge Senior High,Ward 4 
6df966c904,587253793.0,"(38.92093, -77.07648, 0.0)",3813 Benton Street NE Washington DC 20007,Stoddert Elementary,Hardy Middle School,Wilson Senior High,Ward 3 
5728597dc7,581753465.0,"(38.88888, -76.99683, 0.0)",636 A Street SE Washington DC 20003,Brent Elementary,Jefferson Middle School,Eastern Senior High,Ward 6 
530b3706ff,587253621.0,"(38.90392, -76.99753, 0.0)",626 L Street NE Washington DC 20002,"Wilson, J.O. Elementary",Stuart-Hobson Middle School,Eastern Senior High,Ward 6 
b04ef42f7d,587254577.0,"(38.85772, -76.98804, 0.0)",2609 Douglass Road SE Washington DC 20020,Moten Elementary,Kramer Middle School,Anacostia Senior High,Ward 8 
a2ed61af3b,587254637.0,"(38.82946, -76.99565, 0.0)",730 Chesapeake Street SE Washington DC 20032,Hendley Elementary,Hart Middle School,Ballou Senior High,Ward 8 
fb45385a0f,587254317.0,"(38.97298, -77.0171, 0.0)",6827 4th Street NW Washington DC 20012,Takoma Elementary,New North Middle School,Coolidge Senior High,Ward 4 
0c8be8d231,587253969.0,"(38.92296, -77.02925, 0.0)",2515 13th Street NW Washington DC 20009,Garrison Elementary,Shaw Middle School,Cardozo Senior High,Ward 1 
c2e3c337ca,581753189.0,"(38.92979, -76.98046, 0.0)",1709 Jackson Street NE Washington DC 20018,Burroughs Elementary,Brookland Middle School,Dunbar Senior High,Ward 5 
920421a948,587253897.0,"(38.92649, -77.04108, 0.0)",2901 18th Street NW Washington DC 20009,"Cooke, H.D Elementary",Columbia Heights Middle School,Cardozo Senior High,Ward 1 
b921b9054d,581753589.0,"(38.88663, -76.9885, 0.0)",1253 Walter Street SE Washington DC 20003,Payne Elementary,Eliot-Hine Middle School,Eastern Senior High,Ward 6 
9adfa2bf1c,587254665.0,"(38.90288, -77.05415, 0.0)",2517 K Street NW Washington DC 20037,School Without Walls @ Francis-Stevens Elementary,School Without Walls @ Francis-Stevens Middle School,Cardozo Senior High,Ward 2 
6b3ed6f5b0,587252989.0,"(38.9128, -77.0424, 0.0)",1825 R Street NW Washington DC 20009,Ross Elementary,Shaw Middle School,Cardozo Senior High,Ward 2 
367819a081,587253949.0,"(38.91963, -77.02865, 0.0)",2213 12th Place NW Washington DC 20009,Garrison Elementary,Shaw Middle School,Cardozo Senior High,Ward 1 
3056d44d89,581753481.0,"(38.91648, -77.00564, 0.0)",126 Todd Place NE Washington DC 20002,Langley Elementary,McKinley Middle School,Dunbar Senior High,Ward 5 
ce3de88a35,587253697.0,"(38.87701, -77.0048, 0.0)",1111 New Jersey Avenue SE Washington DC 20003,Van Ness Elementary,Jefferson Middle School,Eastern Senior High,Ward 6 
72ef50077f,581753281.0,"(38.96623, -77.0075, 0.0)",6221 Kansas Avenue NE Washington DC 20011,Whittier Elementary,New North Middle School,Coolidge Senior High,Ward 4 
a53ed0f742,372893469.0,"(38.96923, -77.03225, 0.0)",1363 Underwood Street NW Washington DC 20012,Brightwood Elementary,New North Middle School,Coolidge Senior High,Ward 4 
8f8a7a56d2,587254265.0,"(38.95139, -77.01479, 0.0)",237 Farragut Street NW Washington DC 20011,Barnard Elementary,MacFarland Middle School,Roosevelt Senior High,Ward 4 
e82ee89cd0,587252877.0,"(38.90485, -76.99476, 0.0)",800 Florida Avenue NE Washington DC 20002,Wheatley Elementary,Wheatley Middle School,Dunbar Senior High,Ward 5 
6d4dc152f0,581753353.0,"(38.9113, -77.03807, 0.0)",1633 Q Street NW Washington DC 20009,Ross Elementary,Shaw Middle School,Cardozo Senior High,Ward 2 
eaaa73d706,581753357.0,"(38.91221, -76.9843, 0.0)",1933 Capitol Avenue NE Washington DC 20002,Wheatley Elementary,Wheatley Middle School,Dunbar Senior High,Ward 5 
2d06c26c52,587253233.0,"(38.90006, -77.02452, 0.0)",925 H Street NW Washington DC 20001,Thomson Elementary,Shaw Middle School,Cardozo Senior High,Ward 2 
5e2933804f,587254505.0,"(38.90026, -76.95078, 0.0)",3727 Grant Place NE Washington DC 20019,Thomas Elementary,Kelly Miller Middle School,Woodson Senior High,Ward 7 
9300e25148,587253801.0,"(38.92508, -77.07705, 0.0)",3850 Tunlaw Road NW Washington DC 20007,Stoddert Elementary,Hardy Middle School,Wilson Senior High,Ward 3 
7b48ae123b,587254025.0,"(38.92751, -77.02742, 0.0)",1106 Columbia Road NW Washington DC 20009,Tubman Elementary,Columbia Heights Middle School,Cardozo Senior High,Ward 1 
a1b1cf7e3d,581753373.0,"(38.91039, -77.02223, 0.0)",1550 7th Street NW Washington DC 20001,Seaton Elementary,Shaw Middle School,Cardozo Senior High,Ward 6 
54d72a339c,587252933.0,"(38.85543, -76.9785, 0.0)",1808 Gainesville Street SE Washington DC 20020,Moten Elementary,Kramer Middle School,Anacostia Senior High,Ward 8 
4d5e81b5f3,515573653.0,"(38.85963, -76.95535, 0.0)",3624 Camden Street SE Washington DC 20020,Beers Elementary,Sousa Middle School,Anacostia Senior High,Ward 7 
6ade633e11,587253409.0,"(38.9032, -76.99241, 0.0)",1029 10th Street NE Washington DC 20002,"Wilson, J.O. Elementary",Stuart-Hobson Middle School,Eastern Senior High,Ward 6 
9c1b5515a0,587254225.0,"(38.94637, -77.02467, 0.0)",821 Buchanan Street NW Washington DC 20011,West Elementary,MacFarland Middle School,Roosevelt Senior High,Ward 4 
3cf1ca785e,587253601.0,"(38.89183, -76.98741, 0.0)",1323 Constitution Avenue NE Washington DC 20002,Maury Elementary,Eliot-Hine Middle School,Eastern Senior High,Ward 6 
343c1d19d8,587254569.0,"(38.85303, -76.96223, 0.0)",2826 31st Street SE Washington DC 20020,Beers Elementary,Sousa Middle School,Anacostia Senior High,Ward 7 
ce50ad5bc7,581753609.0,"(38.92904, -76.99911, 0.0)",516 Regent Place NE Washington DC 20017,Noyes Elementary,Brookland Middle School,Dunbar Senior High,Ward 5 
4d9f305e3a,587254157.0,"(38.94423, -77.03722, 0.0)",1611 Webster Street NW Washington DC 20010,Powell Elementary,MacFarland Middle School,Roosevelt Senior High,Ward 4 
bcab59a1f7,587253585.0,"(38.90109, -77.00326, 0.0)",201 I Street NE Washington DC 20002,"Wilson, J.O. Elementary",Stuart-Hobson Middle School,Eastern Senior High,Ward 6 
99a432af3e,587254073.0,"(38.9304, -77.03828, 0.0)",3166 Mt Pleasant Street NW Washington DC 20010,Bancroft Elementary,Deal Middle School,Wilson Senior High,Ward 1 
5f9b1eea0e,587254621.0,"(38.87778, -77.01641, 0.0)",Washington DC 20024,Amidon-Bowen Elementary,Jefferson Middle School,Eastern Senior High,Ward 6 
886faacd79,581753329.0,"(38.91235, -77.04631, 0.0)",2024 R Street NW Washington DC 20009,School Without Walls @ Francis-Stevens Elementary,School Without Walls @ Francis-Stevens Middle School,Cardozo Senior High,Ward 2 
04dbe6a37a,233976353.0,"(38.92528, -77.02385, 0.0)",735 Fairmont Street NW Washington DC 20001,Tubman Elementary,Columbia Heights Middle School,Cardozo Senior High,Ward 1 
d77ff289b1,584716661.0,"(38.90777, -77.04127, 0.0)",1319 18th Street NW Washington DC nan,School Without Walls @ Francis-Stevens Elementary,School Without Walls @ Francis-Stevens Middle School,Cardozo Senior High,Ward 2 
f9aedc2cf3,587255093.0,"(38.88736, -76.99719, 0.0)",636 Carolina Avenue SE Washington DC 20003,Brent Elementary,Jefferson Middle School,Eastern Senior High,Ward 6 
8becc09695,581753217.0,"(38.93323, -77.0376, 0.0)",1631 Monroe Street NW Washington DC 20010,Bancroft Elementary,Deal Middle School,Wilson Senior High,Ward 1 
d8b6469183,584716573.0,"(38.91138, -77.04637, 0.0)",1601 21st Street NW Washington DC nan,School Without Walls @ Francis-Stevens Elementary,School Without Walls @ Francis-Stevens Middle School,Cardozo Senior High,Ward 2 
7668d89f89,555197341.0,"(38.95504, -77.03375, 0.0)",5331 Colorado Avenue NW Washington DC nan,West Elementary,MacFarland Middle School,Roosevelt Senior High,Ward 4 
e6ea592799,584716641.0,"(38.90163, -77.04036, 0.0)",1725 I Street NW Washington DC nan,School Without Walls @ Francis-Stevens Elementary,School Without Walls @ Francis-Stevens Middle School,Cardozo Senior High,Ward 2 
